nombre,ciudad,pais,direccion,telefono,whatsapp,web,google_maps_url,estado
"Dr. Franco Tennina – Endocrinología","Buenos Aires","Argentina","Virrey Arredondo 2474, C1426DZF Cdad. Autónoma de Buenos Aires","0111560064188","0111560064188","https://francotennina-ops.github.io/","https://www.google.com/maps/place/Dr.+Franco+Tennina+%E2%80%93+Endocrinolog%C3%ADa/data=!4m7!3m6!1s0x95bcb5d6f648cae3:0x6b9ade75f35d0864!8m2!3d-34.568014!4d-58.451292!16s%2Fg%2F11z83vb3zk!19sChIJ48pI9ta1vJURZAhd83Xemms?authuser=0&hl=es-419&g_ep=EgoyMDI2MDkwNi4wIJJjKgBIAVAD&rclk=1","PENDING"
"Halitus Instituto Médico","Buenos Aires","Argentina","Marcelo Torcuato de Alvear 2084, C1122AAF Cdad. Autónoma de Buenos Aires","01152732000","01152732000","http://www.halitus.com/","https://www.google.com/maps/place/Halitus+Instituto+M%C3%A9dico/data=!4m7!3m6!1s0x95bcca95d3aee221:0x13cdb93b20f3cd44!8m2!3d-34.59735!4d-58.397213!16s%2Fg%2F11c6lw612t!19sChIJIeKu05XKvJURRM3zIDu5zRM?authuser=0&hl=es-419&g_ep=EgoyMDI2MDkwNi4wIJJjKgBIAVAD&rclk=1","PENDING"
"Daireaux Nutricion - Palermo","Buenos Aires","Argentina","Av. Cerviño 4671, C1425 Cdad. Autónoma de Buenos Aires","01133484497","01133484497","http://daireauxnutricion.com.ar/","https://www.google.com/maps/place/Daireaux+Nutricion+-+Palermo/data=!4m7!3m6!1s0x95bcb5714de1b477:0xaaaa95676fa9d1e4!8m2!3d-34.5750535!4d-58.4230172!16s%2Fg%2F11j7zrwk83!19sChIJd7ThTXG1vJUR5NGpb2eVqqo?authuser=0&hl=es-419&g_ep=EgoyMDI2MDkwNi4wIJJjKgBIAVAD&rclk=1","PENDING"
"Nutricionista Lic.Natalia Antar dietista Consultorio CABA","Buenos Aires","Argentina","Güemes 4255, C1425 Cdad. Autónoma de Buenos Aires","0111562667956","0111562667956","https://equilibriomio.com.ar/nutricionista/","https://www.google.com/maps/place/Nutricionista+Lic.Natalia+Antar+dietista+Consultorio+CABA/data=!4m7!3m6!1s0x95bcb51236d643f1:0xe23b445241562c5c!8m2!3d-34.5836576!4d-58.4206226!16s%2Fg%2F11svpdygxg!19sChIJ8UPWNhK1vJURXCxWQVJEO-I?authuser=0&hl=es-419&g_ep=EgoyMDI2MDkwNi4wIJJjKgBIAVAD&rclk=1","PENDING"
"Centro Jose Maldonado","Buenos Aires","Argentina","Av. Sta. Fe 3312 Piso 12 Dto B, C1425 Cdad. Autónoma de Buenos Aires","01154024028","01154024028","https://www.turnera.com.ar/plataforma/reservar/cm/fb745f9e-acfb-4e5a-80e0-092763154021","https://www.google.com/maps/place/Centro+Jose+Maldonado/data=!4m7!3m6!1s0x95bccb56d9cf9d35:0xe6445859fb609049!8m2!3d-34.5880282!4d-58.4118554!16s%2Fg%2F11j3hsbtdb!19sChIJNZ3P2VbLvJURSZBg-1lYROY?authuser=0&hl=es-419&g_ep=EgoyMDI2MDkwNi4wIJJjKgBIAVAD&rclk=1","PENDING"
"NutricionbyAgus","Buenos Aires","Argentina","Palermo, Av. Córdoba 5869, 1414 Buenos Aires","01127280797","01127280797","","https://www.google.com/maps/place/NutricionbyAgus/data=!4m7!3m6!1s0x95bcb5d4bd6e08a3:0x1adfaeb675d0e809!8m2!3d-34.5853848!4d-58.4428634!16s%2Fg%2F11gf8g3bn8!19sChIJowhuvdS1vJURCejQdbau3xo?authuser=0&hl=es-419&g_ep=EgoyMDI2MDkwNi4wIJJjKgBIAVAD&rclk=1","PENDING"
"SM Odontología","Buenos Aires","Argentina","Av. Córdoba 2077, C1120 Cdad. Autónoma de Buenos Aires","27590154","27590154","https://sm-odontologia.com/","https://www.google.com/maps/place/SM+Odontolog%C3%ADa/data=!4m7!3m6!1s0x95bccb55cfc12fef:0x3cb4a49deef0ef1c!8m2!3d-34.599518!4d-58.396884!16s%2Fg%2F11kdcs0jkw!19sChIJ7y_Bz1XLvJURHO_w7p2ktDw?authuser=0&hl=es-419&g_ep=EgoyMDI2MDkwNi4wIJJjKgBIAVAD&rclk=1","PENDING"
"Protección Dental Villa Crespo","Buenos Aires","Argentina","Luis María Drago 69, C1414 Cdad. Autónoma de Buenos Aires","01134203635","01134203635","https://protecciondental.com/","https://www.google.com/maps/place/Protecci%C3%B3n+Dental+Villa+Crespo/data=!4m7!3m6!1s0x95bccba72bf81ec5:0xfc8576fac2e8c3b8!8m2!3d-34.603234!4d-58.435353!16s%2Fg%2F11j8q17x7p!19sChIJxR74K6fLvJURuMPowvp2hfw?authuser=0&hl=es-419&g_ep=EgoyMDI2MDkwNi4wIJJjKgBIAVAD&rclk=1","PENDING"
"Dental Palermo","Buenos Aires","Argentina","Charcas 3127, C1425BMM Cdad. Autónoma de Buenos Aires","01137945890","01137945890","http://www.dentalpalermo.com.ar/","https://www.google.com/maps/place/Dental+Palermo/data=!4m7!3m6!1s0x95bcca8448fed9e1:0x9eec86ae3824a77b!8m2!3d-34.5926433!4d-58.4098837!16s%2Fg%2F1tgyxxdd!19sChIJ4dn-SITKvJURe6ckOK6G7J4?authuser=0&hl=es-419&g_ep=EgoyMDI2MDkwNi4wIJJjKgBIAVAD&rclk=1","PENDING"
"Odontología Palermo","Buenos Aires","Argentina","Juan Francisco Seguí 4646, C1425 Cdad. Autónoma de Buenos Aires","01166884646","01166884646","https://www.odontopalermo.com/","https://www.google.com/maps/place/Odontolog%C3%ADa+Palermo/data=!4m7!3m6!1s0x95bcb59ec59295b9:0xd822e13c10607646!8m2!3d-34.5734114!4d-58.4220143!16s%2Fg%2F11f04q5n0h!19sChIJuZWSxZ61vJURRnZgEDzhItg?authuser=0&hl=es-419&g_ep=EgoyMDI2MDkwNi4wIJJjKgBIAVAD&rclk=1","PENDING"
"SISO Dental Palermo","Buenos Aires","Argentina","Av. Sta. Fe 3205 Planta Baja 1, C1425EHI Cdad. Autónoma de Buenos Aires","01153657087","01153657087","http://www.sisodental.com.ar/","https://www.google.com/maps/place/SISO+Dental+Palermo/data=!4m7!3m6!1s0x95bccbd454968b71:0x5edb8143b68ef5a8!8m2!3d-34.5887098!4d-58.4103068!16s%2Fg%2F11gh72xxn3!19sChIJcYuWVNTLvJURqPWOtkOB214?authuser=0&hl=es-419&g_ep=EgoyMDI2MDkwNi4wIJJjKgBIAVAD&rclk=1","PENDING"
"Dental Arcos - Odontología Palermo","Buenos Aires","Argentina","Fitz Roy 1988, C1414 Cdad. Autónoma de Buenos Aires","0111533403962","0111533403962","http://www.dentalarcos.com.ar/","https://www.google.com/maps/place/Dental+Arcos+-+Odontolog%C3%ADa+Palermo/data=!4m7!3m6!1s0x95bcb5d1a3341909:0xd63e9281a432d8c4!8m2!3d-34.5816943!4d-58.4337587!16s%2Fg%2F11gy4zzn7m!19sChIJCRk0o9G1vJURxNgypIGSPtY?authuser=0&hl=es-419&g_ep=EgoyMDI2MDkwNi4wIJJjKgBIAVAD&rclk=1","PENDING"
"Psicólogo Leonel Dimitroff","Buenos Aires","Argentina","Eduardo Acevedo 11, C1914 Cdad. Autónoma de Buenos Aires","02213625667","02213625667","https://psidimitroff.com/","https://www.google.com/maps/place/Psic%C3%B3logo+Leonel+Dimitroff/data=!4m7!3m6!1s0x95bccb1ec153bf87:0xed6ed999eabed85b!8m2!3d-34.615466!4d-58.43066!16s%2Fg%2F11ys8y5nj_!19sChIJh79TwR7LvJURW9i-6pnZbu0?authuser=0&hl=es-419&g_ep=EgoyMDI2MDkwNi4wIJJjKgBIAVAD&rclk=1","PENDING"
"Macropsicología Recoleta","Buenos Aires","Argentina","Av. Sta. Fe 1461, C1060 Cdad. Autónoma de Buenos Aires","0111555780960","0111555780960","http://www.macropsicologia.com.ar/","https://www.google.com/maps/place/Macropsicolog%C3%ADa+Recoleta/data=!4m7!3m6!1s0x95bccab939a828d9:0x4b49aec106c7cc65!8m2!3d-34.595612!4d-58.387927!16s%2Fg%2F1tkspk7k!19sChIJ2SioObnKvJURZczHBsGuSUs?authuser=0&hl=es-419&g_ep=EgoyMDI2MDkwNi4wIJJjKgBIAVAD&rclk=1","PENDING"
"Psicóloga Marina Laurini Palermo Buenos Aires","Buenos Aires","Argentina","Vidt 1660, C1425 Cdad. Autónoma de Buenos Aires","03425196989","03425196989","https://www.instagram.com/psicmarinalaurini","https://www.google.com/maps/place/Psic%C3%B3loga+Marina+Laurini+Palermo+Buenos+Aires/data=!4m7!3m6!1s0x95bccbcb3d4f81eb:0x1f885228a57f1df2!8m2!3d-34.591495!4d-58.416488!16s%2Fg%2F11ypp9rmv3!19sChIJ64FPPcvLvJUR8h1_pShSiB8?authuser=0&hl=es-419&g_ep=EgoyMDI2MDkwNi4wIJJjKgBIAVAD&rclk=1","PENDING"
"Lic Demian Lijtman Psicologo TCC - Cognitivo Conductual","Buenos Aires","Argentina","Av. Raúl Scalabrini Ortiz 1589, C1414 Cdad. Autónoma de Buenos Aires","01137937161","01137937161","https://www.demianlijtman.com/","https://www.google.com/maps/place/Lic+Demian+Lijtman+Psicologo+TCC+-+Cognitivo+Conductual/data=!4m7!3m6!1s0x6caa52942e0278dd:0xcb80133e4dcfd0c4!8m2!3d-34.591212!4d-58.4251785!16s%2Fg%2F11z358nc2t!19sChIJ3XgCLpRSqmwRxNDPTT4TgMs?authuser=0&hl=es-419&g_ep=EgoyMDI2MDkwNi4wIJJjKgBIAVAD&rclk=1","PENDING"
"Psicólogos Sin Barreras","Buenos Aires","Argentina","República Árabe Siria 3065, C1425 Cdad. Autónoma de Buenos Aires","01141694821","01141694821","http://www.psicosinbarreras.com/","https://www.google.com/maps/place/Psic%C3%B3logos+Sin+Barreras/data=!4m7!3m6!1s0x95bcb5b1756bfad3:0xae9d07628b798d09!8m2!3d-34.5803499!4d-58.4131482!16s%2Fg%2F11rz40_h4c!19sChIJ0_prdbG1vJURCY15i2IHna4?authuser=0&hl=es-419&g_ep=EgoyMDI2MDkwNi4wIJJjKgBIAVAD&rclk=1","PENDING"
"Psicoc - Psicología Terapia TCC Cognitivo conductual","Buenos Aires","Argentina","Av. Raúl Scalabrini Ortiz 2200-2102, C1425 C1425DBP, Cdad. Autónoma de Buenos Aires","01168717007","01168717007","https://www.facebook.com/Psicoterapia-Cognitivo-Conductual-Psicologos-UBA-490876908029535/","https://www.google.com/maps/place/Psicoc+-+Psicolog%C3%ADa+Terapia+TCC+Cognitivo+conductual/data=!4m7!3m6!1s0x95bcb56d6ab7d1df:0x71ee5d98f49e721c!8m2!3d-34.5875672!4d-58.4197987!16s%2Fg%2F11h7fmv4d6!19sChIJ39G3am21vJURHHKe9Jhd7nE?authuser=0&hl=es-419&g_ep=EgoyMDI2MDkwNi4wIJJjKgBIAVAD&rclk=1","PENDING"
"Nutricionista Sofía Braticevic Culacciati @sofiabcnutricion","Buenos Aires","Argentina","José Andrés Pacheco de Melo 1967, C1113 Cdad. Autónoma de Buenos Aires","01160022103","01160022103","","https://www.google.com/maps/place/Nutricionista+Sof%C3%ADa+Braticevic+Culacciati+@sofiabcnutricion/data=!4m7!3m6!1s0x95bccb2d63100d03:0x3fae5e9164c73743!8m2!3d-34.591153!4d-58.394502!16s%2Fg%2F11fmbdg2fj!19sChIJAw0QYy3LvJURQzfHZJFerj8?authuser=0&hl=es-419&g_ep=EgoyMDI2MDkwNi4wIJJjKgBIAVAD&rclk=1","PENDING"
"Consultorio Nutrición Energética","Buenos Aires","Argentina","C. Pres. Jose E. Uriburu 1690, C1114 Cdad. Autónoma de Buenos Aires","01155891975","01155891975","https://consultorionutricionenergetica.com/","https://www.google.com/maps/place/Consultorio+Nutrici%C3%B3n+Energ%C3%A9tica/data=!4m7!3m6!1s0x95bccbf6dc5b75d1:0x481b7e2b27d442c!8m2!3d-34.5894736!4d-58.3952396!16s%2Fg%2F11t71cdnk3!19sChIJ0XVb3PbLvJURLER9suK3gQQ?authuser=0&hl=es-419&g_ep=EgoyMDI2MDkwNi4wIJJjKgBIAVAD&rclk=1","PENDING"
"Nutri Woda","Buenos Aires","Argentina","Azcuénaga 1077, C1122 Cdad. Autónoma de Buenos Aires","01180014002","01180014002","https://nutriwoda.com.ar/","https://www.google.com/maps/place/Nutri+Woda/data=!4m7!3m6!1s0x95bccb9d6d920e01:0x5cc4e3501bcabec2!8m2!3d-34.5956751!4d-58.3997912!16s%2Fg%2F11wbkksj68!19sChIJAQ6SbZ3LvJURwr7KG1DjxFw?authuser=0&hl=es-419&g_ep=EgoyMDI2MDkwNi4wIJJjKgBIAVAD&rclk=1","PENDING"
"Espacio Nutridos","Buenos Aires","Argentina","Juncal 2151, C1125 Cdad. Autónoma de Buenos Aires","0111538277378","0111538277378","https://www.instagram.com/espacionutridos/","https://www.google.com/maps/place/Espacio+Nutridos/data=!4m7!3m6!1s0x95bccbd59c062e37:0xb7b60569cd6c1bd9!8m2!3d-34.5925778!4d-58.398157!16s%2Fg%2F11ycz3zqh8!19sChIJNy4GnNXLvJUR2RtszWkFtrc?authuser=0&hl=es-419&g_ep=EgoyMDI2MDkwNi4wIJJjKgBIAVAD&rclk=1","PENDING"
"NDA Nutrición en Acción","Buenos Aires","Argentina","Av. Sta. Fe 3192 2a, 1426 Cdad. Autónoma de Buenos Aires","0111568727555","0111568727555","https://www.nda.com.ar/","https://www.google.com/maps/place/NDA+Nutrici%C3%B3n+en+Acci%C3%B3n/data=!4m7!3m6!1s0x95bcb42aa6c4447f:0xba5177c5bf831ee1!8m2!3d-34.589287!4d-58.4100005!16s%2Fg%2F11clvdcf2q!19sChIJf0TEpiq0vJUR4R6Dv8V3Ubo?authuser=0&hl=es-419&g_ep=EgoyMDI2MDkwNi4wIJJjKgBIAVAD&rclk=1","PENDING"
"Nutrición Denise Salcedo","Buenos Aires","Argentina","French 2940, C1425 Cdad. Autónoma de Buenos Aires","01123791210","01123791210","https://www.instagram.com/denusalcedo.nutricion?igsh=MWRvc2duZ2RlMmQzdg==","https://www.google.com/maps/place/Nutrici%C3%B3n+Denise+Salcedo/data=!4m7!3m6!1s0x95bcb5d87c15d49f:0xd2e1e797b6c6f7ef!8m2!3d-34.5877162!4d-58.4047706!16s%2Fg%2F11t_ymgr7h!19sChIJn9QVfNi1vJUR7_fGtpfn4dI?authuser=0&hl=es-419&g_ep=EgoyMDI2MDkwNi4wIJJjKgBIAVAD&rclk=1","PENDING"
"Orthé Recoleta - Odontología Integral","Buenos Aires","Argentina","Av. Gral. Las Heras 2131, C1127 Cdad. Autónoma de Buenos Aires","01121634412","01121634412","http://www.orthe.com.ar/","https://www.google.com/maps/place/Orth%C3%A9+Recoleta+-+Odontolog%C3%ADa+Integral/data=!4m7!3m6!1s0x95bcca987d2fed27:0x1e10f39d127a15da!8m2!3d-34.5889995!4d-58.3950613!16s%2Fg%2F11f3xndzsv!19sChIJJ-0vfZjKvJUR2hV6Ep3zEB4?authuser=0&hl=es-419&g_ep=EgoyMDI2MDkwNi4wIJJjKgBIAVAD&rclk=1","PENDING"
"Odontología Integral Recoleta","Buenos Aires","Argentina","AAG, de Bue Ciudad Autónoma de Buenos Aires AR, French 2411, C1125 Buenos Aires","01162990482","01162990482","https://odontologiaintegralrecoleta.com.ar/","https://www.google.com/maps/place/Odontolog%C3%ADa+Integral+Recoleta/data=!4m7!3m6!1s0x95bccb6fb2172d7b:0x4f5698ed82881e74!8m2!3d-34.5906555!4d-58.3993026!16s%2Fg%2F11ng0w7htm!19sChIJey0Xsm_LvJURdB6Igu2YVk8?authuser=0&hl=es-419&g_ep=EgoyMDI2MDkwNi4wIJJjKgBIAVAD&rclk=1","PENDING"
"Centro Odontológico Recoleta","Buenos Aires","Argentina","Av. Sta. Fe 2521, C1015 Cdad. Autónoma de Buenos Aires","01158902338","01158902338","http://instagram.com/ratusnu_viviane","https://www.google.com/maps/place/Centro+Odontol%C3%B3gico+Recoleta/data=!4m7!3m6!1s0x95bccb004ef8a11b:0x2f00f1ae601b2be2!8m2!3d-34.5942212!4d-58.4027034!16s%2Fg%2F11zb3dfnjf!19sChIJG6H4TgDLvJUR4isbYK7xAC8?authuser=0&hl=es-419&g_ep=EgoyMDI2MDkwNi4wIJJjKgBIAVAD&rclk=1","PENDING"
"Tu Sonrisa - odontología Especializada.","Buenos Aires","Argentina","Av. Sta. Fe 2755, C1425 Cdad. Autónoma de Buenos Aires","01139867665","01139867665","https://tusonrisargentina.com/","https://www.google.com/maps/place/Tu+Sonrisa+-+odontolog%C3%ADa+Especializada./data=!4m7!3m6!1s0x95bcca84dc2bf853:0xcf62801905805434!8m2!3d-34.5928006!4d-58.4055896!16s%2Fg%2F11f53sc83f!19sChIJU_gr3ITKvJURNFSABRmAYs8?authuser=0&hl=es-419&g_ep=EgoyMDI2MDkwNi4wIJJjKgBIAVAD&rclk=1","PENDING"
"Junín Odontología","Buenos Aires","Argentina","Junín 1655 3A, C1113AAQ Cdad. Autónoma de Buenos Aires","01148034481","01148034481","http://www.juninodontologia.com.ar/","https://www.google.com/maps/place/Jun%C3%ADn+Odontolog%C3%ADa/data=!4m7!3m6!1s0x95bccaa295fa9393:0xd601c0620637747b!8m2!3d-34.5897213!4d-58.3934247!16s%2Fg%2F1thtfb4c!19sChIJk5P6laLKvJURe3Q3BmLAAdY?authuser=0&hl=es-419&g_ep=EgoyMDI2MDkwNi4wIJJjKgBIAVAD&rclk=1","PENDING"
"Baires Odontología - Recoleta","Buenos Aires","Argentina","Av. Sta. Fe 2650, C1425BGO Cdad. Autónoma de Buenos Aires","01138510633","01138510633","https://www.bairesodontologia.com/","https://www.google.com/maps/place/Baires+Odontolog%C3%ADa+-+Recoleta/data=!4m7!3m6!1s0x95bccb21f8d63679:0xeec8ee42669f1b5c!8m2!3d-34.5937973!4d-58.4045077!16s%2Fg%2F11pz7_bbwt!19sChIJeTbW-CHLvJURXBufZkLuyO4?authuser=0&hl=es-419&g_ep=EgoyMDI2MDkwNi4wIJJjKgBIAVAD&rclk=1","PENDING"
"Centro CIQO","Buenos Aires","Argentina","Cervantes 185, B1870 Avellaneda, Provincia de Buenos Aires","01165578477","01165578477","http://www.centrociqo.com/","https://www.google.com/maps/place/Centro+CIQO/data=!4m7!3m6!1s0x95a3339195d7870d:0x3f4fb276145791ca!8m2!3d-34.671113!4d-58.355994!16s%2Fg%2F11rd29jvnp!19sChIJDYfXlZEzo5URypFXFHayTz8?authuser=0&hl=es-419&g_ep=EgoyMDI2MDkwNi4wIJJjKgBIAVAD&rclk=1","PENDING"
"Psicóloga en CABA y Recoleta Lic. Verónica Napoli","Buenos Aires","Argentina","Av. Callao 2050, C1024 Cdad. Autónoma de Buenos Aires","01134260131","01134260131","https://contactovnapoli.wixsite.com/psic/","https://www.google.com/maps/place/Psic%C3%B3loga+en+CABA+y+Recoleta+Lic.+Ver%C3%B3nica+Napoli/data=!4m7!3m6!1s0x95bccb096fb0344d:0xd8d9590b02ab6679!8m2!3d-34.5870153!4d-58.3866517!16s%2Fg%2F11wg8ty2nf!19sChIJTTSwbwnLvJUReWarAgtZ2dg?authuser=0&hl=es-419&g_ep=EgoyMDI2MDkwNi4wIJJjKgBIAVAD&rclk=1","PENDING"
"Michelle D. Cameron. Clinical Psychologist in Buenos Aires, Argentina. Psicóloga Clínica en Buenos Aires (Recoleta).","Buenos Aires","Argentina","Juncal 2134, C1125 Cdad. Autónoma de Buenos Aires","01165442509","01165442509","https://michelledcameron.carrd.co/","https://www.google.com/maps/place/Michelle+D.+Cameron.+Clinical+Psychologist+in+Buenos+Aires,+Argentina.+Psic%C3%B3loga+Cl%C3%ADnica+en+Buenos+Aires+%28Recoleta%29./data=!4m7!3m6!1s0x95bccbe53cbcfbdd:0xdfc07e23ce9c6bee!8m2!3d-34.592996!4d-58.3977192!16s%2Fg%2F11pyc1mp09!19sChIJ3fu8POXLvJUR7mucziN-wN8?authuser=0&hl=es-419&g_ep=EgoyMDI2MDkwNi4wIJJjKgBIAVAD&rclk=1","PENDING"
"Psicóloga en Recoleta","Buenos Aires","Argentina","Av. Sta. Fe 1731, C1123 Cdad. Autónoma de Buenos Aires","01144294260","01144294260","","https://www.google.com/maps/place/Psic%C3%B3loga+en+Recoleta/data=!4m7!3m6!1s0x95bccb0957ae72e1:0xaa07013a3165dc96!8m2!3d-34.5956298!4d-58.3923787!16s%2Fg%2F11h8n06ccw!19sChIJ4XKuVwnLvJURltxlMToBB6o?authuser=0&hl=es-419&g_ep=EgoyMDI2MDkwNi4wIJJjKgBIAVAD&rclk=1","PENDING"
"Psicólogo Lic. Leandro Andrés Vega","Buenos Aires","Argentina","Paraná 1055, C1018 Cdad. Autónoma de Buenos Aires","01162766488","01162766488","https://psicologiaparatodos.ba/","https://www.google.com/maps/place/Psic%C3%B3logo+Lic.+Leandro+Andr%C3%A9s+Vega/data=!4m7!3m6!1s0x95bcb5466a6bc557:0x33c009e7b4ee5f79!8m2!3d-34.5963656!4d-58.3882232!16s%2Fg%2F11w4l2r8xw!19sChIJV8Vraka1vJUReV_utOcJwDM?authuser=0&hl=es-419&g_ep=EgoyMDI2MDkwNi4wIJJjKgBIAVAD&rclk=1","PENDING"
"Psicólogo Cognitivo Conductual - Lic. Manuel Etcheverry - Recoleta, CABA","Buenos Aires","Argentina","Av. Sta. Fe 1984, C1123 Cdad. Autónoma de Buenos Aires","01150967896","01150967896","https://wa.me/5491150967896","https://www.google.com/maps/place/Psic%C3%B3logo+Cognitivo+Conductual+-+Lic.+Manuel+Etcheverry+-+Recoleta,+CABA/data=!4m7!3m6!1s0x95bccb6b42773ea1:0x83c7865c596a900d!8m2!3d-34.596027!4d-58.3956479!16s%2Fg%2F11wbz1cd4r!19sChIJoT53QmvLvJURDZBqWVyGx4M?authuser=0&hl=es-419&g_ep=EgoyMDI2MDkwNi4wIJJjKgBIAVAD&rclk=1","PENDING"
"Óptimo Rendimiento Deportivo, Nutricionista Deportivo, Antropometría, Plan Alimentario Personalizado","Buenos Aires","Argentina","Av. Cabildo 2287 Piso 1 depto 7, C1428 Autónoma De Buenos Aires, Cdad. Autónoma de Buenos Aires","01140980673","01140980673","https://optimorendimiento-deportivo.com.ar/","https://www.google.com/maps/place/%C3%93ptimo+Rendimiento+Deportivo,+Nutricionista+Deportivo,+Antropometr%C3%ADa,+Plan+Alimentario+Personalizado/data=!4m7!3m6!1s0x95bcca6ca0a7d2d1:0x7362e0a61933259a!8m2!3d-34.560175!4d-58.457951!16s%2Fg%2F11c2qr_430!19sChIJ0dKnoGzKvJURmiUzGabgYnM?authuser=0&hl=es-419&g_ep=EgoyMDI2MDkwNi4wIJJjKgBIAVAD&rclk=1","PENDING"
"Javier Rodriguez Centro de Nutrición","Buenos Aires","Argentina","Moldes 2175, C1428CRG Cdad. Autónoma de Buenos Aires","01158905825","01158905825","","https://www.google.com/maps/place/Javier+Rodriguez+Centro+de+Nutrici%C3%B3n/data=!4m7!3m6!1s0x95bcb52d144c2d5b:0xd22022857ba3f473!8m2!3d-34.5629361!4d-58.4599977!16s%2Fg%2F11qrq_2_sg!19sChIJWy1MFC21vJURc_Sje4UiINI?authuser=0&hl=es-419&g_ep=EgoyMDI2MDkwNi4wIJJjKgBIAVAD&rclk=1","PENDING"
"NRD Nutrición","Buenos Aires","Argentina","Av. Crámer 2590 6 D, C1428 Cdad. Autónoma de Buenos Aires","01138301073","01138301073","http://www.nrd-nutriciondeportiva.com/","https://www.google.com/maps/place/NRD+Nutrici%C3%B3n/data=!4m7!3m6!1s0x95bcb784d8e02d67:0xf922b68af1a290!8m2!3d-34.5604819!4d-58.4651447!16s%2Fg%2F11q9s6s381!19sChIJZy3g2IS3vJURkKLxirYi-QA?authuser=0&hl=es-419&g_ep=EgoyMDI2MDkwNi4wIJJjKgBIAVAD&rclk=1","PENDING"
"Centro Mi Nutricion","Buenos Aires","Argentina","Franklin D. Roosevelt 2524, C1428 Cdad. Autónoma de Buenos Aires","0111531937861","0111531937861","","https://www.google.com/maps/place/Centro+Mi+Nutricion/data=!4m7!3m6!1s0x95bcb53596a73807:0x75c5d9a611fbaf3a!8m2!3d-34.558365!4d-58.4617129!16s%2Fg%2F11t1c4h41p!19sChIJBzinljW1vJUROq_7EabZxXU?authuser=0&hl=es-419&g_ep=EgoyMDI2MDkwNi4wIJJjKgBIAVAD&rclk=1","PENDING"
"Acquafresca Nutrición","Buenos Aires","Argentina","Av. Cabildo 2847 Piso 6 Of 602, B1428AAK Cdad. Autónoma de Buenos Aires","0111559340096","0111559340096","http://www.acquafrescanutricion.com/","https://www.google.com/maps/place/Acquafresca+Nutrici%C3%B3n/data=!4m7!3m6!1s0x95bcb42a1e04f0fb:0x6e9e6b6264235ab3!8m2!3d-34.5557111!4d-58.4616273!16s%2Fg%2F11g81t80ws!19sChIJ-_AEHiq0vJURs1ojZGJrnm4?authuser=0&hl=es-419&g_ep=EgoyMDI2MDkwNi4wIJJjKgBIAVAD&rclk=1","PENDING"
"Lic. Alicia Crocco","Buenos Aires","Argentina","Amenábar 1870, C1428 Cdad. Autónoma de Buenos Aires","01147875941","01147875941","http://www.alimentatuvida.com/","https://www.google.com/maps/place/Lic.+Alicia+Crocco/data=!4m7!3m6!1s0x95bcb55b9925f0d7:0xf682ddf2131b3dde!8m2!3d-34.5654483!4d-58.4568587!16s%2Fg%2F11j0j5hhxp!19sChIJ1_AlmVu1vJUR3j0bE_LdgvY?authuser=0&hl=es-419&g_ep=EgoyMDI2MDkwNi4wIJJjKgBIAVAD&rclk=1","PENDING"
"RIE Odontología","Buenos Aires","Argentina","Andonaegui 2485 6to B 2483, 1431 Buenos Aires","0111559656255","0111559656255","https://instagram.com/rieodontologia.ok?igshid=YmMyMTA2M2Y=","https://www.google.com/maps/place/RIE+Odontolog%C3%ADa/data=!4m7!3m6!1s0x95bcb73b60ff887b:0x25854b0b42aa7282!8m2!3d-34.575675!4d-58.490184!16s%2Fg%2F11swd3vy3v!19sChIJe4j_YDu3vJURgnKqQgtLhSU?authuser=0&hl=es-419&g_ep=EgoyMDI2MDkwNi4wIJJjKgBIAVAD&rclk=1","PENDING"
"Odontología Dra. Alejandra Scava Belgrano","Buenos Aires","Argentina","Manuel Ugarte 2179, C1428 Cdad. Autónoma de Buenos Aires","01124868254","01124868254","https://odontologiascava.com/","https://www.google.com/maps/place/Odontolog%C3%ADa+Dra.+Alejandra+Scava+Belgrano/data=!4m7!3m6!1s0x95bcb50ee9092e05:0x219723f2374a5d92!8m2!3d-34.555042!4d-58.4593585!16s%2Fg%2F11q1pm4g2x!19sChIJBS4J6Q61vJURkl1KN_IjlyE?authuser=0&hl=es-419&g_ep=EgoyMDI2MDkwNi4wIJJjKgBIAVAD&rclk=1","PENDING"
"DemiDent Odontologia y Ortodoncia","Buenos Aires","Argentina","Juramento 2550, C1428 Cdad. Autónoma de Buenos Aires","01173603710","01173603710","https://demident.com.ar/","https://www.google.com/maps/place/DemiDent+Odontologia+y+Ortodoncia/data=!4m7!3m6!1s0x95bcb73bd91ef5c7:0x70adee88998f53de!8m2!3d-34.5630238!4d-58.4579374!16s%2Fg%2F11h_w5575n!19sChIJx_Ue2Tu3vJUR3lOPmYjurXA?authuser=0&hl=es-419&g_ep=EgoyMDI2MDkwNi4wIJJjKgBIAVAD&rclk=1","PENDING"
"DiBian Odontologia","Buenos Aires","Argentina","Virrey del Pino 2457 Piso 11, Depto A, C1426 Cdad. Autónoma de Buenos Aires","01128925904","01128925904","https://dibianodontologia.com.ar/","https://www.google.com/maps/place/DiBian+Odontologia/data=!4m7!3m6!1s0x95bcb5f163b071d5:0x45df8b0665d3950c!8m2!3d-34.5665375!4d-58.4532844!16s%2Fg%2F11s8kcdvpp!19sChIJ1XGwY_G1vJURDJXTZQaL30U?authuser=0&hl=es-419&g_ep=EgoyMDI2MDkwNi4wIJJjKgBIAVAD&rclk=1","PENDING"
"AR Dental - Odontologia Belgrano","Buenos Aires","Argentina","Av. Olazábal 1515, C1428 Cdad. Autónoma de Buenos Aires","0111544955855","0111544955855","https://ardental.com.ar/","https://www.google.com/maps/place/AR+Dental+-+Odontologia+Belgrano/data=!4m7!3m6!1s0x95bcb5912486e1bb:0x41b5bcdc1aa8939!8m2!3d-34.5548783!4d-58.4498029!16s%2Fg%2F11n596jxtr!19sChIJu-GGJJG1vJUROYmqwc1bGwQ?authuser=0&hl=es-419&g_ep=EgoyMDI2MDkwNi4wIJJjKgBIAVAD&rclk=1","PENDING"
"Belgrano Studio Dental","Buenos Aires","Argentina","Zapiola 1595, C1426 Cdad. Autónoma de Buenos Aires","01125783078","01125783078","https://www.belgranostudiodental.com/","https://www.google.com/maps/place/Belgrano+Studio+Dental/data=!4m7!3m6!1s0x95bcb56f81bbae73:0x384d76923fc30bfc!8m2!3d-34.5708273!4d-58.457932!16s%2Fg%2F11shprmcmp!19sChIJc667gW-1vJUR_AvDP5J2TTg?authuser=0&hl=es-419&g_ep=EgoyMDI2MDkwNi4wIJJjKgBIAVAD&rclk=1","PENDING"
"Psicóloga Carolina Saidon","Buenos Aires","Argentina","Cdad. de la Paz 1948, C1428 Cdad. Autónoma de Buenos Aires","01159276741","01159276741","","https://www.google.com/maps/place/Psic%C3%B3loga+Carolina+Saidon/data=!4m7!3m6!1s0x95bcb52f5b3cace9:0xbad71e2062c3d21a!8m2!3d-34.5642464!4d-58.456562!16s%2Fg%2F11s7jsxd21!19sChIJ6aw8Wy-1vJURGtLDYiAe17o?authuser=0&hl=es-419&g_ep=EgoyMDI2MDkwNi4wIJJjKgBIAVAD&rclk=1","PENDING"
"Lic. Facundo Stefanini - Psicólogo en Belgrano R","Buenos Aires","Argentina","Puente del Inca 4055, C1426 Cdad. Autónoma de Buenos Aires","02664205922","02664205922","https://www.instagram.com/psicoterapiafs/","https://www.google.com/maps/place/Lic.+Facundo+Stefanini+-+Psic%C3%B3logo+en+Belgrano+R/data=!4m7!3m6!1s0x95bcb5d6fdbd0d69:0x75d2888638d8ab38!8m2!3d-34.5737361!4d-58.4710349!16s%2Fg%2F11v62zm9p5!19sChIJaQ29_da1vJUROKvYOIaI0nU?authuser=0&hl=es-419&g_ep=EgoyMDI2MDkwNi4wIJJjKgBIAVAD&rclk=1","PENDING"
"Lic. Daniel O. Bustamante - Psicología Clínica.","Buenos Aires","Argentina","Blanco Encalada 2387 Piso 4º - Dpto. ""E, C1428DDK Cdad. Autónoma de Buenos Aires","0111533101186","0111533101186","https://licbustamante.com.ar/","https://www.google.com/maps/place/Lic.+Daniel+O.+Bustamante+-+Psicolog%C3%ADa+Cl%C3%ADnica./data=!4m7!3m6!1s0x95bcb42b39be06f5:0x727191d7b4817911!8m2!3d-34.5589545!4d-58.4587954!16s%2Fg%2F1td3msgw!19sChIJ9Qa-OSu0vJUREXmBtNeRcXI?authuser=0&hl=es-419&g_ep=EgoyMDI2MDkwNi4wIJJjKgBIAVAD&rclk=1","PENDING"
"Decires","Buenos Aires","Argentina","Blanco Encalada 2590 Planta Baja, Dpto B, C1428 Cdad. Autónoma de Buenos Aires","01140698762","01140698762","https://www.instagram.com/decirespsico/?hl=es-la","https://www.google.com/maps/place/Decires/data=!4m7!3m6!1s0x95bcb57ccd1155b9:0x2813473fc73d778d!8m2!3d-34.5603539!4d-58.4608613!16s%2Fg%2F11hg4hfmhy!19sChIJuVURzXy1vJURjXc9xz9HEyg?authuser=0&hl=es-419&g_ep=EgoyMDI2MDkwNi4wIJJjKgBIAVAD&rclk=1","PENDING"
"Guillermo Beiro_Psicología en Belgrano","Buenos Aires","Argentina","Cdad. de la Paz 1735, C1426BVT Cdad. Autónoma de Buenos Aires","01156332862","01156332862","","https://www.google.com/maps/place/Guillermo+Beiro_Psicolog%C3%ADa+en+Belgrano/data=!4m7!3m6!1s0x95bcb58ea5ca095b:0x3900d49c8f51bfa1!8m2!3d-34.565891!4d-58.454705!16s%2Fg%2F11zcq7m79d!19sChIJWwnKpY61vJURob9Rj5zUADk?authuser=0&hl=es-419&g_ep=EgoyMDI2MDkwNi4wIJJjKgBIAVAD&rclk=1","PENDING"
"Psicóloga / Lic. Agustina Gutiérrez","Buenos Aires","Argentina","C1428ADH CABA AR, Vuelta de Obligado 2166, C1428 ADH","0111564629609","0111564629609","","https://www.google.com/maps/place/Psic%C3%B3loga+%2F+Lic.+Agustina+Guti%C3%A9rrez/data=!4m7!3m6!1s0x95bcca825349f191:0xa3f39ca8dc393fe0!8m2!3d-34.560932!4d-58.4563335!16s%2Fg%2F11d_8ddh9y!19sChIJkfFJU4LKvJUR4D853Kic86M?authuser=0&hl=es-419&g_ep=EgoyMDI2MDkwNi4wIJJjKgBIAVAD&rclk=1","PENDING"
"Centro Jose Maldonado Almagro","Buenos Aires","Argentina","Av. Medrano 475 Piso 3 Dto A, C1179 Cdad. Autónoma de Buenos Aires","0111527789066","0111527789066","https://centrojosemaldonado.com.ar/","https://www.google.com/maps/place/Centro+Jose+Maldonado+Almagro/data=!4m7!3m6!1s0x95bccb542206e36d:0xb6832b39a8f4c52c!8m2!3d-34.605262!4d-58.421078!16s%2Fg%2F11rzwtlj0m!19sChIJbeMGIlTLvJURLMX0qDkrg7Y?authuser=0&hl=es-419&g_ep=EgoyMDI2MDkwNi4wIJJjKgBIAVAD&rclk=1","PENDING"
"En Cuerpo y Alma Nutricion","Buenos Aires","Argentina","Av Acoyte 200, Av. Avellaneda 1000, C1416 Buenos Aires","01135633078","01135633078","https://instagram.com/encuerpoyalmanutricion?utm_medium=copy_link","https://www.google.com/maps/place/En+Cuerpo+y+Alma+Nutricion/data=!4m7!3m6!1s0x95bccba572aa18a1:0x4c49d75a5e4de43a!8m2!3d-34.6160922!4d-58.4377796!16s%2Fg%2F11g_x0vdnt!19sChIJoRiqcqXLvJUROuRNXlrXSUw?authuser=0&hl=es-419&g_ep=EgoyMDI2MDkwNi4wIJJjKgBIAVAD&rclk=1","PENDING"
"Centro de Nutrición Franco Diaz","Buenos Aires","Argentina","Av. Ángel Gallardo 1084, C1084 Cdad. Autónoma de Buenos Aires","01138453910","01138453910","","https://www.google.com/maps/place/Centro+de+Nutrici%C3%B3n+Franco+Diaz/data=!4m7!3m6!1s0x95bccb16ec8df8d7:0x9a62c0779b2ede9c!8m2!3d-34.607304!4d-58.4449503!16s%2Fg%2F11xlj11r3c!19sChIJ1_iN7BbLvJURnN4um3fAYpo?authuser=0&hl=es-419&g_ep=EgoyMDI2MDkwNi4wIJJjKgBIAVAD&rclk=1","PENDING"
"Nutrición MC","Buenos Aires","Argentina","Bogotá 1678, C1406 Cdad. Autónoma de Buenos Aires","0111564855933","0111564855933","https://www.instagram.com/nutricion.mc","https://www.google.com/maps/place/Nutrici%C3%B3n+MC/data=!4m7!3m6!1s0x95bcb5955017b97f:0x8797dbd68ac52494!8m2!3d-34.6220118!4d-58.4541267!16s%2Fg%2F11rhq38d38!19sChIJf7kXUJW1vJURlCTFitbbl4c?authuser=0&hl=es-419&g_ep=EgoyMDI2MDkwNi4wIJJjKgBIAVAD&rclk=1","PENDING"
"Centro de Nutrición Deportiva Agus Taramasco","Buenos Aires","Argentina","Cachimayo 392, 1424 Cdad. Autónoma de Buenos Aires","0111573616814","0111573616814","https://www.instagram.com/agustaramasco.nd/","https://www.google.com/maps/place/Centro+de+Nutrici%C3%B3n+Deportiva+Agus+Taramasco/data=!4m7!3m6!1s0x95bccbe78bdf643d:0x48de6a88cb2b3a0e!8m2!3d-34.624841!4d-58.4415338!16s%2Fg%2F11q93_qgx0!19sChIJPWTfi-fLvJURDjory4hq3kg?authuser=0&hl=es-419&g_ep=EgoyMDI2MDkwNi4wIJJjKgBIAVAD&rclk=1","PENDING"
"NDA Nutrición en Acción","Buenos Aires","Argentina","Cuerpo 2, Av. Rivadavia 5474 Piso 7 - Depto A, C1424 Cdad. Autónoma de Buenos Aires","01150367198","01150367198","https://www.nda.com.ar/","https://www.google.com/maps/place/NDA+Nutrici%C3%B3n+en+Acci%C3%B3n/data=!4m7!3m6!1s0x95bccb1412e44599:0x611a098c56973674!8m2!3d-34.6212056!4d-58.4422665!16s%2Fg%2F11wxb89bsj!19sChIJmUXkEhTLvJURdDaXVowJGmE?authuser=0&hl=es-419&g_ep=EgoyMDI2MDkwNi4wIJJjKgBIAVAD&rclk=1","PENDING"
"Odontólogo Caballito","Buenos Aires","Argentina","Hidalgo 915, C1405 Cdad. Autónoma de Buenos Aires","01161976946","01161976946","https://www.facebook.com/odontologiamatiasfernandez/","https://www.google.com/maps/place/Odont%C3%B3logo+Caballito/data=!4m7!3m6!1s0x95bcca13401a0d11:0x91f7df49c91ebbc5!8m2!3d-34.6085023!4d-58.4413633!16s%2Fg%2F11cmw9js6k!19sChIJEQ0aQBPKvJURxbseyUnf95E?authuser=0&hl=es-419&g_ep=EgoyMDI2MDkwNi4wIJJjKgBIAVAD&rclk=1","PENDING"
"ODONTOLOGIA CABALLITO implantes dentales","Buenos Aires","Argentina","Av. Rivadavia 4704 1 c, C1424 Cdad. Autónoma de Buenos Aires","01136171213","01136171213","http://www.odontologiacaballito.com/","https://www.google.com/maps/place/ODONTOLOGIA+CABALLITO+implantes+dentales/data=!4m7!3m6!1s0x95bcca4382818a1f:0x8ec7e410d7f521fb!8m2!3d-34.6163452!4d-58.4316107!16s%2Fg%2F11f2wcl2h9!19sChIJH4qBgkPKvJUR-yH11xDkx44?authuser=0&hl=es-419&g_ep=EgoyMDI2MDkwNi4wIJJjKgBIAVAD&rclk=1","PENDING"
"Centro Odontológico Acoyte","Buenos Aires","Argentina","Av. Acoyte 565, C1405 Cdad. Autónoma de Buenos Aires","01149581754","01149581754","http://www.odontologiacoyte.com.ar/","https://www.google.com/maps/place/Centro+Odontol%C3%B3gico+Acoyte/data=!4m7!3m6!1s0x95bcca6ae831d001:0x958b56fa03f4b378!8m2!3d-34.6118848!4d-58.4386201!16s%2Fg%2F1tfgk_p4!19sChIJAdAx6GrKvJUReLP0A_pWi5U?authuser=0&hl=es-419&g_ep=EgoyMDI2MDkwNi4wIJJjKgBIAVAD&rclk=1","PENDING"
"OdontoCi","Buenos Aires","Argentina","Rosario 743 PB ""2, C1424 ⁠ ⁠⁠Buenos Aires, Cdad. Autónoma de Buenos Aires","01130111440","01130111440","https://www.odontoci.com/","https://www.google.com/maps/place/OdontoCi/data=!4m7!3m6!1s0x95bccb26af1d1f79:0x1fd48637a0103154!8m2!3d-34.6202755!4d-58.4393975!16s%2Fg%2F11h_18t9cn!19sChIJeR8drybLvJURVDEQoDeG1B8?authuser=0&hl=es-419&g_ep=EgoyMDI2MDkwNi4wIJJjKgBIAVAD&rclk=1","PENDING"
"Dental Odontologia Caballito (No es Dental System)","Buenos Aires","Argentina","Pje. Dr. Gregorio Aráoz Alfaro 437, C1405 Cdad. Autónoma de Buenos Aires","01163746581","01163746581","http://www.dentalcaballito.com.ar/","https://www.google.com/maps/place/Dental+Odontologia+Caballito+%28No+es+Dental+System%29/data=!4m7!3m6!1s0x95bccb5c7bee2b9d:0x1bf321b6d6216d27!8m2!3d-34.615516!4d-58.436855!16s%2Fg%2F11v5g2p1ny!19sChIJnSvue1zLvJURJ20h1rYh8xs?authuser=0&hl=es-419&g_ep=EgoyMDI2MDkwNi4wIJJjKgBIAVAD&rclk=1","PENDING"
"Centro Odontológico Caballito","Buenos Aires","Argentina","San, San José de Calasanz 147 3 b, C1002 Cdad. Autónoma de Buenos Aires","01159513601","01159513601","https://www.facebook.com/105500441947554","https://www.google.com/maps/place/Centro+Odontol%C3%B3gico+Caballito/data=!4m7!3m6!1s0x95bccba013e4674d:0x7d0019a17ff6bcc1!8m2!3d-34.6208496!4d-58.4387245!16s%2Fg%2F11pcx3r95s!19sChIJTWfkE6DLvJURwbz2f6EZAH0?authuser=0&hl=es-419&g_ep=EgoyMDI2MDkwNi4wIJJjKgBIAVAD&rclk=1","PENDING"
"Psicólogo UBA- Lic. Gerardo Gómez","Buenos Aires","Argentina","Av. Hipólito Yrigoyen 3375, C1236 Cdad. Autónoma de Buenos Aires","0111565109223","0111565109223","http://www.tupsicoterapia.com.ar/","https://www.google.com/maps/place/Psic%C3%B3logo+UBA-+Lic.+Gerardo+G%C3%B3mez/data=!4m7!3m6!1s0x95bccaf68a7372ad:0x2b5bb3af40a68d0c!8m2!3d-34.612788!4d-58.414497!16s%2Fg%2F1vp74zk0!19sChIJrXJzivbKvJURDI2mQK-zWys?authuser=0&hl=es-419&g_ep=EgoyMDI2MDkwNi4wIJJjKgBIAVAD&rclk=1","PENDING"
"Christian Psicólogo Caballito","Buenos Aires","Argentina","José Bonifacio 704, C1424 Cdad. Autónoma de Buenos Aires","01132615788","01132615788","https://krizz75.wixsite.com/christianpsicologo","https://www.google.com/maps/place/Christian+Psic%C3%B3logo+Caballito/data=!4m7!3m6!1s0x95bccb6ab7efe0b9:0x661e213044fc813e!8m2!3d-34.627387!4d-58.4376001!16s%2Fg%2F11ngthv_gl!19sChIJueDvt2rLvJURPoH8RDAhHmY?authuser=0&hl=es-419&g_ep=EgoyMDI2MDkwNi4wIJJjKgBIAVAD&rclk=1","PENDING"
"Licenciada Silvina Giménez, psicología, nutrición","Buenos Aires","Argentina","Av. Rivadavia 5858, C1406 Cdad. Autónoma de Buenos Aires","01125628339","01125628339","https://www.instagram.com/lugardesujeto","https://www.google.com/maps/place/Licenciada+Silvina+Gim%C3%A9nez,+psicolog%C3%ADa,+nutrici%C3%B3n/data=!4m7!3m6!1s0x95bcca44e0d318b9:0xafff083955b25558!8m2!3d-34.6234229!4d-58.4478357!16s%2Fg%2F11g6j7nt8v!19sChIJuRjT4ETKvJURWFWyVTkI_68?authuser=0&hl=es-419&g_ep=EgoyMDI2MDkwNi4wIJJjKgBIAVAD&rclk=1","PENDING"
"Atención Psicológica Caballito - Niños, Adolescentes, Adultos, Parejas, Orientación Vocacional - Psicología, Psicopedagogía","Buenos Aires","Argentina","Hidalgo 375 PB ""E, C1405BCC Cdad. Autónoma de Buenos Aires","01160490302","01160490302","","https://www.google.com/maps/place/Atenci%C3%B3n+Psicol%C3%B3gica+Caballito+-+Ni%C3%B1os,+Adolescentes,+Adultos,+Parejas,+Orientaci%C3%B3n+Vocacional+-+Psicolog%C3%ADa,+Psicopedagog%C3%ADa/data=!4m7!3m6!1s0x95bccbee781a0f1d:0xb891349bc0f1ce!8m2!3d-34.6149872!4d-58.4393557!16s%2Fg%2F11qbfr6jqz!19sChIJHQ8aeO7LvJURzvHAmzSRuAA?authuser=0&hl=es-419&g_ep=EgoyMDI2MDkwNi4wIJJjKgBIAVAD&rclk=1","PENDING"
"Dr. Ignacio Rizzo,Phd|Terapia Cognitiva Conductual|Buenos Aires y Virtual","Buenos Aires","Argentina","Av. Rivadavia 5126, C1024CWN Cdad. Autónoma de Buenos Aires","01148705113","01148705113","https://www.drignaciorizzo.com/","https://www.google.com/maps/place/Dr.+Ignacio+Rizzo,Phd%7CTerapia+Cognitiva+Conductual%7CBuenos+Aires+y+Virtual/data=!4m7!3m6!1s0x95bccb29bc1beb05:0x81210858ec35ab53!8m2!3d-34.6191732!4d-58.438026!16s%2Fg%2F11nqf1zztw!19sChIJBesbvCnLvJURU6s17FgIIYE?authuser=0&hl=es-419&g_ep=EgoyMDI2MDkwNi4wIJJjKgBIAVAD&rclk=1","PENDING"
"FOST.PSICOLOGIA - CABALLITO","Buenos Aires","Argentina","Formosa 437, C1424 Cdad. Autónoma de Buenos Aires","01166904068","01166904068","https://instagram.com/fost.psicologia?igshid=wjt87oqmgu3h","https://www.google.com/maps/place/FOST.PSICOLOGIA+-+CABALLITO/data=!4m7!3m6!1s0x95bccb83fe6d1cdf:0x8c04d2845b1cefa2!8m2!3d-34.6210975!4d-58.4343682!16s%2Fg%2F11ns7r5hrg!19sChIJ3xxt_oPLvJURou8cW4TSBIw?authuser=0&hl=es-419&g_ep=EgoyMDI2MDkwNi4wIJJjKgBIAVAD&rclk=1","PENDING"
"Araceli Llebeili – Nutricionista","Córdoba","Argentina","Paraná 561, X5000HXK Córdoba","03855937072","03855937072","https://nutriaracelillebeili.com/","https://www.google.com/maps/place/Araceli+Llebeili+%E2%80%93+Nutricionista/data=!4m7!3m6!1s0x9432a3446f0c828d:0x8d06aab3d1454cd0!8m2!3d-31.424849!4d-64.1801494!16s%2Fg%2F11h2lcg9vd!19sChIJjYIMb0SjMpQR0ExF0bOqBo0?authuser=0&hl=es-419&g_ep=EgoyMDI2MDkwNi4wIJJjKgBIAVAD&rclk=1","PENDING"
"Nutricionista Nueva Córdoba y Centro","Córdoba","Argentina","Tránsito, Transito Caceres de Allende 480 1°B, 5000 Córdoba","03564604596","03564604596","","https://www.google.com/maps/place/Nutricionista+Nueva+C%C3%B3rdoba+y+Centro/data=!4m7!3m6!1s0x9432a31c17037229:0x8c566122fc220f7d!8m2!3d-31.4244488!4d-64.1774637!16s%2Fg%2F11j7z1cyp6!19sChIJKXIDFxyjMpQRfQ8i_CJhVow?authuser=0&hl=es-419&g_ep=EgoyMDI2MDkwNi4wIJJjKgBIAVAD&rclk=1","PENDING"
"NUTRICIÓN ÍNTEGRA – Lic. Tábatha Pagador","Córdoba","Argentina","Independencia 771, X5000IIH Córdoba","0354815630917","0354815630917","http://wa.me/543548630917","https://www.google.com/maps/place/NUTRICI%C3%93N+%C3%8DNTEGRA+%E2%80%93+Lic.+T%C3%A1batha+Pagador/data=!4m7!3m6!1s0x9432a3ea4fb72a15:0x4276d1d120f0fb73!8m2!3d-31.4252152!4d-64.1877616!16s%2Fg%2F11fjtq7qsm!19sChIJFSq3T-qjMpQRc_vwINHRdkI?authuser=0&hl=es-419&g_ep=EgoyMDI2MDkwNi4wIJJjKgBIAVAD&rclk=1","PENDING"
"Centro Piacere - Centro integral de nutrición, psicología y endocrinología.","Córdoba","Argentina","Ituzaingó 511, X5000 Córdoba","03513296467","03513296467","https://www.centropiacere.com.ar/","https://www.google.com/maps/place/Centro+Piacere+-+Centro+integral+de+nutrici%C3%B3n,+psicolog%C3%ADa+y+endocrinolog%C3%ADa./data=!4m7!3m6!1s0x9432a341da86276d:0xdd65d816402e4db2!8m2!3d-31.4230292!4d-64.1839155!16s%2Fg%2F11yfbhx0nw!19sChIJbSeG2kGjMpQRsk0uQBbYZd0?authuser=0&hl=es-419&g_ep=EgoyMDI2MDkwNi4wIJJjKgBIAVAD&rclk=1","PENDING"
"Nutri Activate","Córdoba","Argentina","Rivera Indarte 77, X5000JAA Córdoba","03825523105","03825523105","https://nutriactivate.com.ar/","https://www.google.com/maps/place/Nutri+Activate/data=!4m7!3m6!1s0x9432a3a6475cd36f:0x261fbf63950074e2!8m2!3d-31.4146899!4d-64.1850423!16s%2Fg%2F11mkxjnjk4!19sChIJb9NcR6ajMpQR4nQAlWO_HyY?authuser=0&hl=es-419&g_ep=EgoyMDI2MDkwNi4wIJJjKgBIAVAD&rclk=1","PENDING"
"Odontología Marcos Moreno","Córdoba","Argentina","Bv Elias Yofre 1260 primer piso oficina 9, X5000 Córdoba","03517607589","03517607589","","https://www.google.com/maps/place/Odontolog%C3%ADa+Marcos+Moreno/data=!4m7!3m6!1s0x9432a3692a0d536f:0xcf43f3a6ba6fe31a!8m2!3d-31.451228!4d-64.177287!16s%2Fg%2F11rxl8qnkw!19sChIJb1MNKmmjMpQRGuNvuqbzQ88?authuser=0&hl=es-419&g_ep=EgoyMDI2MDkwNi4wIJJjKgBIAVAD&rclk=1","PENDING"
"Garden Centros Odontológicos","Córdoba","Argentina","Independencia 244, X5000IUF X5000IUF, Córdoba","03515694848","03515694848","https://www.centrogarden.com.ar/","https://www.google.com/maps/place/Garden+Centros+Odontol%C3%B3gicos/data=!4m7!3m6!1s0x9432a29b295400a1:0x82cf33b19548fd89!8m2!3d-31.418611!4d-64.185343!16s%2Fg%2F1tx8v97v!19sChIJoQBUKZuiMpQRif1IlbEzz4I?authuser=0&hl=es-419&g_ep=EgoyMDI2MDkwNi4wIJJjKgBIAVAD&rclk=1","PENDING"
"Odontologia Nueva Cordoba","Córdoba","Argentina","Montevideo 15 1er piso Of 3, X5000AWA Córdoba","03513510040","03513510040","http://www.odonuevacordoba.com.ar/","https://www.google.com/maps/place/Odontologia+Nueva+Cordoba/data=!4m7!3m6!1s0x9432a28f4464f74d:0x2145db60d1196ee!8m2!3d-31.4220469!4d-64.1868448!16s%2Fg%2F1q6j2xs2c!19sChIJTfdkRI-iMpQR7pYRDbZdFAI?authuser=0&hl=es-419&g_ep=EgoyMDI2MDkwNi4wIJJjKgBIAVAD&rclk=1","PENDING"
"Consultorio odontológico en Nueva Córdoba | Sebastián Massouh Odontólogo en Nueva Córdoba","Córdoba","Argentina","Rondeau 547 Loc 5, X5000 Córdoba","03516369888","03516369888","https://rondodent-consultorio-odontologico-en-nueva-cordoba.laguia.online/","https://www.google.com/maps/place/Consultorio+odontol%C3%B3gico+en+Nueva+C%C3%B3rdoba+%7C+Sebasti%C3%A1n+Massouh+Odont%C3%B3logo+en+Nueva+C%C3%B3rdoba/data=!4m7!3m6!1s0x9432a290e712739f:0x7555135dd50b8b61!8m2!3d-31.4242255!4d-64.1791034!16s%2Fg%2F11c3s8hr4t!19sChIJn3MS55CiMpQRYYsL1V0TVXU?authuser=0&hl=es-419&g_ep=EgoyMDI2MDkwNi4wIJJjKgBIAVAD&rclk=1","PENDING"
"Odontologos en Nueva Córdoba - Bis-Salud","Córdoba","Argentina","B° Nueva, Ituzaingo 270 7to piso Dto ""D, X5000IUN Córdoba","0351155951025","0351155951025","https://bisodontologia.com/odontologos-nueva-cordoba/","https://www.google.com/maps/place/Odontologos+en+Nueva+C%C3%B3rdoba+-+Bis-Salud/data=!4m7!3m6!1s0x9432a3b2e4c2b975:0x8598fdef1f85805f!8m2!3d-31.4207832!4d-64.1827845!16s%2Fg%2F11gm8_1rm_!19sChIJdbnC5LKjMpQRX4CFH-_9mIU?authuser=0&hl=es-419&g_ep=EgoyMDI2MDkwNi4wIJJjKgBIAVAD&rclk=1","PENDING"
"Psicólogo Rosario Consultorio","Córdoba","Argentina","Córdoba 1775, S2000JKS Rosario, Santa Fe","0341153116111","0341153116111","https://sites.google.com/view/psicologorosario","https://www.google.com/maps/place/Psic%C3%B3logo+Rosario+Consultorio/data=!4m7!3m6!1s0x95b7ab988f231c6b:0xc1048f67b35bcd33!8m2!3d-32.9448982!4d-60.6474405!16s%2Fg%2F11q_fr20rt!19sChIJaxwjj5irt5URM81bs2ePBME?authuser=0&hl=es-419&g_ep=EgoyMDI2MDkwNi4wIJJjKgBIAVAD&rclk=1","PENDING"
"Psicóloga Maria Florencia Marraffini","Córdoba","Argentina","Córdoba 2035, S2000 Rosario, Santa Fe","03415708903","03415708903","","https://www.google.com/maps/place/Psic%C3%B3loga+Maria+Florencia+Marraffini/data=!4m7!3m6!1s0x95b7abfc91517f85:0xeb1e1ae6911173f2!8m2!3d-32.9441464!4d-60.6511978!16s%2Fg%2F11j1w5r8s0!19sChIJhX9Rkfyrt5UR8nMRkeYaHus?authuser=0&hl=es-419&g_ep=EgoyMDI2MDkwNi4wIJJjKgBIAVAD&rclk=1","PENDING"
"Consultorio Psicología","Córdoba","Argentina","Córdoba 2974, S2000 Rosario, Santa Fe","03415203030","03415203030","","https://www.google.com/maps/place/Consultorio+Psicolog%C3%ADa/data=!4m7!3m6!1s0x95b7ab0d75c370db:0xaba7e9c9383a2910!8m2!3d-32.9417126!4d-60.6637403!16s%2Fg%2F11h6mnh9q2!19sChIJ23DDdQ2rt5URECk6OMnpp6s?authuser=0&hl=es-419&g_ep=EgoyMDI2MDkwNi4wIJJjKgBIAVAD&rclk=1","PENDING"
"Psicóloga Karen Clavero","Córdoba","Argentina","Córdoba 1110, S2000 Rosario, Santa Fe","03412726234","03412726234","https://www.instagram.com/psicologa.kclavero","https://www.google.com/maps/place/Psic%C3%B3loga+Karen+Clavero/data=!4m7!3m6!1s0x95b7ab55b3ff8adf:0xe1e296995edea74a!8m2!3d-32.9463814!4d-60.6383642!16s%2Fg%2F11fkcy_04y!19sChIJ34r_s1Wrt5URSqfeXpmW4uE?authuser=0&hl=es-419&g_ep=EgoyMDI2MDkwNi4wIJJjKgBIAVAD&rclk=1","PENDING"
"Psicóloga Ana Cossetta","Córdoba","Argentina","Italia 867, S2000 Rosario, Santa Fe","02473501006","02473501006","","https://www.google.com/maps/place/Psic%C3%B3loga+Ana+Cossetta/data=!4m7!3m6!1s0x95b7ab363d075db1:0x86b1bec8975df9d6!8m2!3d-32.9454484!4d-60.6479661!16s%2Fg%2F11lgvk87c4!19sChIJsV0HPTart5UR1vldl8i-sYY?authuser=0&hl=es-419&g_ep=EgoyMDI2MDkwNi4wIJJjKgBIAVAD&rclk=1","PENDING"
"Nutricionista Romina Destéfanis","Córdoba","Argentina","Tristán Malbrán 4177, X5000 Córdoba","0353154282326","0353154282326","http://www.rdnutricioncordoba.com/","https://www.google.com/maps/place/Nutricionista+Romina+Dest%C3%A9fanis/data=!4m7!3m6!1s0x9432996c66655e4b:0xbab28533aacc9d7c!8m2!3d-31.3730469!4d-64.2359757!16s%2Fg%2F11h60f1y_x!19sChIJS15lZmyZMpQRfJ3MqjOFsro?authuser=0&hl=es-419&g_ep=EgoyMDI2MDkwNi4wIJJjKgBIAVAD&rclk=1","PENDING"
"Lic. Carina Grivarello Nutricionista mat.2189","Córdoba","Argentina","Mariano Larra 3642 1° piso, X5009 AJC, Córdoba","03515189935","03515189935","https://www.instagram.com/grivarellonutricion/","https://www.google.com/maps/place/Lic.+Carina+Grivarello+Nutricionista+mat.2189/data=!4m7!3m6!1s0x943298d84ed37adf:0x9fde6b63f826c352!8m2!3d-31.3824223!4d-64.2318621!16s%2Fg%2F11dyzf06rc!19sChIJ33rTTtiYMpQRUsMm-GNr3p8?authuser=0&hl=es-419&g_ep=EgoyMDI2MDkwNi4wIJJjKgBIAVAD&rclk=1","PENDING"
"Nutriser | Centro Integral de Nutrición Médica - Córdoba","Córdoba","Argentina","Loza Bravo 3333, X5009 BYC, Córdoba","03518022222","03518022222","https://www.centronutriser.com/","https://www.google.com/maps/place/Nutriser+%7C+Centro+Integral+de+Nutrici%C3%B3n+M%C3%A9dica+-+C%C3%B3rdoba/data=!4m7!3m6!1s0x94329931542cda2f:0x4e29e2f19b8db43a!8m2!3d-31.3824035!4d-64.2228964!16s%2Fg%2F11c0xpllr6!19sChIJL9osVDGZMpQROrSNm_HiKU4?authuser=0&hl=es-419&g_ep=EgoyMDI2MDkwNi4wIJJjKgBIAVAD&rclk=1","PENDING"
"Fika Nutrición y Bienestar","Córdoba","Argentina","Donaciano del Campillo 1915, Independencia 1154, X5009 Córdoba","0351155721198","0351155721198","http://www.instagram.com/fika.nutricion","https://www.google.com/maps/place/Fika+Nutrici%C3%B3n+y+Bienestar/data=!4m7!3m6!1s0x943299c9046e1e89:0x4dc96f21d9395548!8m2!3d-31.3716845!4d-64.2351586!16s%2Fg%2F11q93_yjnk!19sChIJiR5uBMmZMpQRSFU52SFvyU0?authuser=0&hl=es-419&g_ep=EgoyMDI2MDkwNi4wIJJjKgBIAVAD&rclk=1","PENDING"
"Fernanda Cardona Nutricionista","Córdoba","Argentina","Gdor. Victorino Rodríguez 1534, X5009IYL X5009IYL, Córdoba","0351153837492","0351153837492","","https://www.google.com/maps/place/Fernanda+Cardona+Nutricionista/data=!4m7!3m6!1s0x9432991b0ba69e27:0x173c1f94f3378acf!8m2!3d-31.3779045!4d-64.2365382!16s%2Fg%2F11hdg0wh9n!19sChIJJ56mCxuZMpQRz4o385QfPBc?authuser=0&hl=es-419&g_ep=EgoyMDI2MDkwNi4wIJJjKgBIAVAD&rclk=1","PENDING"
"Consultorio odontologico cerro","Córdoba","Argentina","Av. Fernando Fader 4281, X5000 Córdoba","03515129910","03515129910","https://m.facebook.com/profile.php?id=161552904414943&ref=content_filter","https://www.google.com/maps/place/Consultorio+odontologico+cerro/data=!4m7!3m6!1s0x9432992e083aaa5d:0x2d4924e4329913f3!8m2!3d-31.3712147!4d-64.2366571!16s%2Fg%2F11dfh_qds2!19sChIJXao6CC6ZMpQR8xOZMuQkSS0?authuser=0&hl=es-419&g_ep=EgoyMDI2MDkwNi4wIJJjKgBIAVAD&rclk=1","PENDING"
"DRA. CECI","Córdoba","Argentina","Luis Jose de Tejeda 4634, X5009 Cerro, X5009CEF, Córdoba","03513777770","03513777770","","https://www.google.com/maps/place/DRA.+CECI/data=!4m7!3m6!1s0x94329931e963c539:0x53bceb395fbc5be!8m2!3d-31.3642884!4d-64.2383097!16s%2Fg%2F11bv5sk70s!19sChIJOcVj6TGZMpQRvsX7lbPOOwU?authuser=0&hl=es-419&g_ep=EgoyMDI2MDkwNi4wIJJjKgBIAVAD&rclk=1","PENDING"
"Odocto","Córdoba","Argentina","Mario Arruabarrena 2072, X5009 IQM, Córdoba","03514824100","03514824100","https://www.facebook.com/odocto","https://www.google.com/maps/place/Odocto/data=!4m7!3m6!1s0x9432992659c52c73:0xc29530119365269e!8m2!3d-31.3756824!4d-64.227405!16s%2Fg%2F1tjprlgd!19sChIJcyzFWSaZMpQRniZlkxEwlcI?authuser=0&hl=es-419&g_ep=EgoyMDI2MDkwNi4wIJJjKgBIAVAD&rclk=1","PENDING"
"Dontoestetica - blanqueamiento dental, carillas dentales, protesis, urgencias","Córdoba","Argentina","Mayor Arruabarrena 1995, X5009 Córdoba","03516872269","03516872269","https://dontoestetica.com/","https://www.google.com/maps/place/Dontoestetica+-+blanqueamiento+dental,+carillas+dentales,+protesis,+urgencias/data=!4m7!3m6!1s0x943299268774ea49:0x211ed337f0b65b3d!8m2!3d-31.3759471!4d-64.2283268!16s%2Fg%2F11d_pvxj_7!19sChIJSep0hyaZMpQRPVu28DfTHiE?authuser=0&hl=es-419&g_ep=EgoyMDI2MDkwNi4wIJJjKgBIAVAD&rclk=1","PENDING"
"RED ODONTOLOGICA","Córdoba","Argentina","Luis Jose de Tejeda 4256, X5009 Córdoba","03514829611","03514829611","","https://www.google.com/maps/place/RED+ODONTOLOGICA/data=!4m7!3m6!1s0x9432992e2893767d:0x4d3fa156e4cc8f15!8m2!3d-31.3699792!4d-64.2341774!16s%2Fg%2F11cn3pc58m!19sChIJfXaTKC6ZMpQRFY_M5FahP00?authuser=0&hl=es-419&g_ep=EgoyMDI2MDkwNi4wIJJjKgBIAVAD&rclk=1","PENDING"
"Celeste Gimenez - Psicóloga - Gestalt","Córdoba","Argentina","Mayor Arruabarrena 1662, X5009 IQF, Córdoba","0351152316318","0351152316318","https://www.terapiagestaltica.com/","https://www.google.com/maps/place/Celeste+Gimenez+-+Psic%C3%B3loga+-+Gestalt/data=!4m7!3m6!1s0x943299281074dca3:0xb84850a12b5d8053!8m2!3d-31.3791134!4d-64.2313342!16s%2Fg%2F11c5_fwh97!19sChIJo9x0ECiZMpQRU4BdK6FQSLg?authuser=0&hl=es-419&g_ep=EgoyMDI2MDkwNi4wIJJjKgBIAVAD&rclk=1","PENDING"
"Psicóloga Alicia Mammana Licenciada en Psicología","Córdoba","Argentina","Av. Fernando Fader 3557, X5006 Córdoba","0351153626535","0351153626535","https://aliciamammana.com.ar/","https://www.google.com/maps/place/Psic%C3%B3loga+Alicia+Mammana+Licenciada+en+Psicolog%C3%ADa/data=!4m7!3m6!1s0x943299245a61dbd7:0x17b74f349d85e822!8m2!3d-31.3798391!4d-64.2267867!16s%2Fg%2F11ljck_0zs!19sChIJ19thWiSZMpQRIuiFnTRPtxc?authuser=0&hl=es-419&g_ep=EgoyMDI2MDkwNi4wIJJjKgBIAVAD&rclk=1","PENDING"
"Psicóloga","Córdoba","Argentina","José Roque Funes 1500, X5009 Córdoba","0351158697238","0351158697238","","https://www.google.com/maps/place/Psic%C3%B3loga/data=!4m7!3m6!1s0x9432991735b10bfd:0xae0d0992fb6de1a7!8m2!3d-31.3754479!4d-64.240988!16s%2Fg%2F11yysx0d4b!19sChIJ_QuxNReZMpQRp-Ft-5IJDa4?authuser=0&hl=es-419&g_ep=EgoyMDI2MDkwNi4wIJJjKgBIAVAD&rclk=1","PENDING"
"Consultorio de Psicología","Córdoba","Argentina","Marcos Sastre 1749, X5000 Córdoba","03584319766","03584319766","https://www.instagram.com/espaciopsi_?igsh=MW15cm1hYXZtbmFyNw%3D%3D&utm_source=qr","https://www.google.com/maps/place/Consultorio+de+Psicolog%C3%ADa/data=!4m7!3m6!1s0x94329900073ec2a1:0x239617f6427600e1!8m2!3d-31.3814087!4d-64.2267323!16s%2Fg%2F11zh9f5tk4!19sChIJocI-BwCZMpQR4QB2QvYXliM?authuser=0&hl=es-419&g_ep=EgoyMDI2MDkwNi4wIJJjKgBIAVAD&rclk=1","PENDING"
"Psicóloga Cerro de las rosas.Lic.Natalia Mendez Psicoterapia cognitiva conductual. Paseo lucerna.","Córdoba","Argentina","Av. Rafael Núñez 4620, X5009 Córdoba","03512538074","03512538074","","https://www.google.com/maps/place/Psic%C3%B3loga+Cerro+de+las+rosas.Lic.Natalia+Mendez+Psicoterapia+cognitiva+conductual.+Paseo+lucerna./data=!4m7!3m6!1s0x943299dd2a1d8a21:0x41a92d25a1724e2b!8m2!3d-31.3632626!4d-64.2364883!16s%2Fg%2F11stlhf7jq!19sChIJIYodKt2ZMpQRK05yoSUtqUE?authuser=0&hl=es-419&g_ep=EgoyMDI2MDkwNi4wIJJjKgBIAVAD&rclk=1","PENDING"
"Nutricionista Vanesa Birri","Córdoba","Argentina","Blvd. San Juan 340, X5000ATQ Córdoba","03512082310","03512082310","http://www.nutricionistaencordoba.com/","https://www.google.com/maps/place/Nutricionista+Vanesa+Birri/data=!4m7!3m6!1s0x9432a286c99cf095:0x6a88419021a1fd80!8m2!3d-31.4194462!4d-64.1908261!16s%2Fg%2F1pty3gh8v!19sChIJlfCcyYaiMpQRgP2hIZBBiGo?authuser=0&hl=es-419&g_ep=EgoyMDI2MDkwNi4wIJJjKgBIAVAD&rclk=1","PENDING"
"Nutricionista Valeria Barrios, Nutri Vibra","Córdoba","Argentina","Jujuy 309, X5000 Córdoba","0351156143112","0351156143112","http://nutricionvibra.com.ar/","https://www.google.com/maps/place/Nutricionista+Valeria+Barrios,+Nutri+Vibra/data=!4m7!3m6!1s0x943299646df6d06b:0x3ba5c3bca13823dc!8m2!3d-31.4103996!4d-64.1894466!16s%2Fg%2F11pf8f097d!19sChIJa9D2bWSZMpQR3CM4obzDpTs?authuser=0&hl=es-419&g_ep=EgoyMDI2MDkwNi4wIJJjKgBIAVAD&rclk=1","PENDING"
"Nutricionista Sol Oyola","Córdoba","Argentina","25 de Mayo 425, X5000 Córdoba","03513168377","03513168377","https://nutrisol.com.ar/","https://www.google.com/maps/place/Nutricionista+Sol+Oyola/data=!4m7!3m6!1s0x9432a304ccfb0217:0x157021f4e4f6f545!8m2!3d-31.4165051!4d-64.177923!16s%2Fg%2F11trhsj8p2!19sChIJFwL7zASjMpQRRfX25PQhcBU?authuser=0&hl=es-419&g_ep=EgoyMDI2MDkwNi4wIJJjKgBIAVAD&rclk=1","PENDING"
"Nutriendo Hábitos","Córdoba","Argentina","Duarte Quirós 925, X5000 Córdoba","03512293726","03512293726","https://nutriendohabitos.com.ar/","https://www.google.com/maps/place/Nutriendo+H%C3%A1bitos/data=!4m7!3m6!1s0x9432a366d7c898cd:0x385a9c1136890885!8m2!3d-31.4159056!4d-64.1977522!16s%2Fg%2F11pxbz797d!19sChIJzZjI12ajMpQRhQiJNhGcWjg?authuser=0&hl=es-419&g_ep=EgoyMDI2MDkwNi4wIJJjKgBIAVAD&rclk=1","PENDING"
"Nutrición en Córdoba","Córdoba","Argentina","Av. Duarte Quirós 631, X5000 Córdoba","03516600798","03516600798","https://nutricionencordoba.enpeso.com/","https://www.google.com/maps/place/Nutrici%C3%B3n+en+C%C3%B3rdoba/data=!4m7!3m6!1s0x9432a28da0cdc185:0x4f56515866e12812!8m2!3d-31.4171214!4d-64.1939032!16s%2Fg%2F11cp5ddg4z!19sChIJhcHNoI2iMpQREijhZlhRVk8?authuser=0&hl=es-419&g_ep=EgoyMDI2MDkwNi4wIJJjKgBIAVAD&rclk=1","PENDING"
"Salud Odontologica Integral | Clínica dental Córdoba","Córdoba","Argentina","Sta Rosa 460, X5000ESJ Córdoba","03512690760","03512690760","http://sointegral.com.ar/","https://www.google.com/maps/place/Salud+Odontologica+Integral+%7C+Cl%C3%ADnica+dental+C%C3%B3rdoba/data=!4m7!3m6!1s0x943299338a3271d3:0xd871c4567bae506e!8m2!3d-31.4106466!4d-64.1888216!16s%2Fg%2F11fjz7whyj!19sChIJ03EyijOZMpQRblCue1bEcdg?authuser=0&hl=es-419&g_ep=EgoyMDI2MDkwNi4wIJJjKgBIAVAD&rclk=1","PENDING"
"Torreblanca | Odontólogo en Córdoba","Córdoba","Argentina","Av. Figueroa Alcorta 46 1A, X5000 Córdoba","03516454419","03516454419","https://torreblancaodontologia.com.ar/","https://www.google.com/maps/place/Torreblanca+%7C+Odont%C3%B3logo+en+C%C3%B3rdoba/data=!4m7!3m6!1s0x943299e03b1ab71d:0x9fff3051da96800f!8m2!3d-31.4133972!4d-64.1912777!16s%2Fg%2F11yr_z2npm!19sChIJHbcaO-CZMpQRD4CW2lEw_58?authuser=0&hl=es-419&g_ep=EgoyMDI2MDkwNi4wIJJjKgBIAVAD&rclk=1","PENDING"
"CODEC Centros Odontológicos de Especialidades Córdoba","Córdoba","Argentina","PIiso: 7 Depto: F, Gral. Paz 73, X5022 Córdoba","03516167870","03516167870","","https://www.google.com/maps/place/CODEC+Centros+Odontol%C3%B3gicos+de+Especialidades+C%C3%B3rdoba/data=!4m7!3m6!1s0x9432a2825e0f725d:0xe628d69edc608d83!8m2!3d-31.4143416!4d-64.1865252!16s%2Fg%2F1ptyjwwhn!19sChIJXXIPXoKiMpQRg41g3J7WKOY?authuser=0&hl=es-419&g_ep=EgoyMDI2MDkwNi4wIJJjKgBIAVAD&rclk=1","PENDING"
"Centro odontológico","Córdoba","Argentina","Av. Vélez Sarsfield 576 6 piso, X5000 Córdoba","03517610323","03517610323","https://www.instagram.com/centroodontologicocba?igsh=MWlxZXlobjU5c2pxaw%3D%3D&utm_source=qr","https://www.google.com/maps/place/Centro+odontol%C3%B3gico/data=!4m7!3m6!1s0x9432a347a9c569e5:0x784b2dd25effd9b8!8m2!3d-31.4220304!4d-64.1897417!16s%2Fg%2F11s571kjp1!19sChIJ5WnFqUejMpQRuNn_XtItS3g?authuser=0&hl=es-419&g_ep=EgoyMDI2MDkwNi4wIJJjKgBIAVAD&rclk=1","PENDING"
"Docta Dent - Clínica Dental - 24hs Guardias y Urgencias Odontológicas.Odontologo. Sabados todo el dia turnos.","Córdoba","Argentina","Ituzaingó 669 Piso 1* ""C, X5000 Córdoba","03512909656","03512909656","http://doctadent.com.ar/","https://www.google.com/maps/place/Docta+Dent+-+Cl%C3%ADnica+Dental+-+24hs+Guardias+y+Urgencias+Odontol%C3%B3gicas.Odontologo.+Sabados+todo+el+dia+turnos./data=!4m7!3m6!1s0x9432a28fc12ba20d:0x553a6bf93cc45409!8m2!3d-31.424864!4d-64.184541!16s%2Fg%2F11b88p3dqn!19sChIJDaIrwY-iMpQRCVTEPPlrOlU?authuser=0&hl=es-419&g_ep=EgoyMDI2MDkwNi4wIJJjKgBIAVAD&rclk=1","PENDING"
"Psicologa Cordoba Capital - Lic. Silvana G. Cabral","Córdoba","Argentina","Caseros N° 344 Piso 7° Of 59, X5000AHH Córdoba","03513453013","03513453013","http://www.psicologacba.com.ar/","https://www.google.com/maps/place/Psicologa+Cordoba+Capital+-+Lic.+Silvana+G.+Cabral/data=!4m7!3m6!1s0x9432a332a312d1b9:0x275fbd954988a827!8m2!3d-31.416816!4d-64.189737!16s%2Fg%2F11kbjfwl15!19sChIJudESozKjMpQRJ6iISZW9Xyc?authuser=0&hl=es-419&g_ep=EgoyMDI2MDkwNi4wIJJjKgBIAVAD&rclk=1","PENDING"
"Psicóloga Erica Gonzalez","Córdoba","Argentina","Blvd. San Juan 550, X5000 Córdoba","03516133522","03516133522","https://psicologaericagonzalez.com/","https://www.google.com/maps/place/Psic%C3%B3loga+Erica+Gonzalez/data=!4m7!3m6!1s0x9432a399a9e73f49:0x560c499dd468b195!8m2!3d-31.418683!4d-64.193445!16s%2Fg%2F11rcv09nhx!19sChIJST_nqZmjMpQRlbFo1J1JDFY?authuser=0&hl=es-419&g_ep=EgoyMDI2MDkwNi4wIJJjKgBIAVAD&rclk=1","PENDING"
"Psicólogos Córdoba - Servicios en Psicología y Salud Mental","Córdoba","Argentina","San Martín 321, X5022 Córdoba","03515730226","03515730226","https://psicologoscordoba.org/","https://www.google.com/maps/place/Psic%C3%B3logos+C%C3%B3rdoba+-+Servicios+en+Psicolog%C3%ADa+y+Salud+Mental/data=!4m7!3m6!1s0x9432a28924078f77:0x30d073596707ce44!8m2!3d-31.4124621!4d-64.1826538!16s%2Fg%2F11cjj6bt9w!19sChIJd48HJImiMpQRRM4HZ1lz0DA?authuser=0&hl=es-419&g_ep=EgoyMDI2MDkwNi4wIJJjKgBIAVAD&rclk=1","PENDING"
"Múltiples Miradas - Centro de Psicología.","Córdoba","Argentina","Torre Angela: 27 de Abril 370 - 25 C Centro, 5000AEH Córdoba","03513050518","03513050518","http://www.multiplesmiradas.com.ar/","https://www.google.com/maps/place/M%C3%BAltiples+Miradas+-+Centro+de+Psicolog%C3%ADa./data=!4m7!3m6!1s0x9432a2818f787205:0x5a77d2f0258729ac!8m2!3d-31.4154094!4d-64.1897172!16s%2Fg%2F1hc1bmp8g!19sChIJBXJ4j4GiMpQRrCmHJfDSd1o?authuser=0&hl=es-419&g_ep=EgoyMDI2MDkwNi4wIJJjKgBIAVAD&rclk=1","PENDING"
"RedPSICba Red de Psicólogos en Córdoba","Córdoba","Argentina","Av. Hipólito Yrigoyen 476, X5000IUX X5000IUX, Córdoba","03513046413","03513046413","http://www.redpsicba.com.ar/","https://www.google.com/maps/place/RedPSICba+Red+de+Psic%C3%B3logos+en+C%C3%B3rdoba/data=!4m7!3m6!1s0x9432a346313a1b7b:0x5f4c4b9d74c08399!8m2!3d-31.4262606!4d-64.1861526!16s%2Fg%2F11h_8792n2!19sChIJexs6MUajMpQRmYPAdJ1LTF8?authuser=0&hl=es-419&g_ep=EgoyMDI2MDkwNi4wIJJjKgBIAVAD&rclk=1","PENDING"
"Nutricionista Tania León","Asunción","Paraguay","Sauce 1691, Asunción 001108, Paraguay","595971693166","595971693166","https://tanialeon.soy/","https://www.google.com/maps/place/Nutricionista+Tania+Le%C3%B3n/data=!4m7!3m6!1s0x945da91f0537695b:0x7a6cd604e084365f!8m2!3d-25.306973!4d-57.6331826!16s%2Fg%2F11n14cggn7!19sChIJW2k3BR-pXZQRXzaE4ATWbHo?authuser=0&hl=es-419&g_ep=EgoyMDI2MDkwNi4wIJJjKgBIAVAD&rclk=1","PENDING"
"mylife - Carolina Sosky","Asunción","Paraguay","Cruz del Defensor 706 esquina, Asunción 001413, Paraguay","595986156480","595986156480","http://www.mylife.com.py/","https://www.google.com/maps/place/mylife+-+Carolina+Sosky/data=!4m7!3m6!1s0x945da987afd6e2ef:0x30e1ddb1e0d6174b!8m2!3d-25.2997071!4d-57.5810641!16s%2Fg%2F11h0yl83v3!19sChIJ7-LWr4epXZQRSxfW4LHd4TA?authuser=0&hl=es-419&g_ep=EgoyMDI2MDkwNi4wIJJjKgBIAVAD&rclk=1","PENDING"
"Esteban Rivarola Health & fitness","Asunción","Paraguay","MCW8+XHW, Cruz Del Chaco &, Dugraty, Asunción, Paraguay","595981888198","595981888198","","https://www.google.com/maps/place/Esteban+Rivarola+Health+%26+fitness/data=!4m7!3m6!1s0x945da9c527637d35:0x1c6adc4197c5245c!8m2!3d-25.302524!4d-57.5835496!16s%2Fg%2F11n_xqq8qk!19sChIJNX1jJ8WpXZQRXCTFl0Hcahw?authuser=0&hl=es-419&g_ep=EgoyMDI2MDkwNi4wIJJjKgBIAVAD&rclk=1","PENDING"
"Kerstin Willms Nutrición","Asunción","Paraguay","Eligio Ayala, Asunción 001218, Paraguay","595971568547","595971568547","","https://www.google.com/maps/place/Kerstin+Willms+Nutrici%C3%B3n/data=!4m7!3m6!1s0x945da7c17260b125:0xfca11df5801abf1e!8m2!3d-25.2874089!4d-57.6240739!16s%2Fg%2F11frnt9cv5!19sChIJJbFgcsGnXZQRHr8agPUdofw?authuser=0&hl=es-419&g_ep=EgoyMDI2MDkwNi4wIJJjKgBIAVAD&rclk=1","PENDING"
"NUTRICIONISTA","Asunción","Paraguay","Teodoro S. Mongelós 3852, Asunción 001230, Paraguay","595983614891","595983614891","","https://www.google.com/maps/place/NUTRICIONISTA/data=!4m7!3m6!1s0x945da87647a24fed:0x8574c06af0a1ed2d!8m2!3d-25.3051853!4d-57.6000808!16s%2Fg%2F1hf4jrt__!19sChIJ7U-iR3aoXZQRLe2h8GrAdIU?authuser=0&hl=es-419&g_ep=EgoyMDI2MDkwNi4wIJJjKgBIAVAD&rclk=1","PENDING"
"Odonto Excellence Recoleta","Asunción","Paraguay","MCX8+GWX, Dr. Eduardo López Moreira, Asunción 001413, Paraguay","595974142009","595974142009","","https://www.google.com/maps/place/Odonto+Excellence+Recoleta/data=!4m7!3m6!1s0x945da9d2c6f8b533:0x6df5f1233812ebc0!8m2!3d-25.3011257!4d-57.582631!16s%2Fg%2F11vjjl748_!19sChIJM7X4xtKpXZQRwOsSOCPx9W0?authuser=0&hl=es-419&g_ep=EgoyMDI2MDkwNi4wIJJjKgBIAVAD&rclk=1","PENDING"
"Asuncion Dental Clinic","Asunción","Paraguay","Pacheco, Av. Choferes Del Chaco 775, Asunción 1412, Paraguay","595984536880","595984536880","","https://www.google.com/maps/place/Asuncion+Dental+Clinic/data=!4m7!3m6!1s0x945da7d30c955f6f:0xf5b4f86f73518bd6!8m2!3d-25.29567!4d-57.592412!16s%2Fg%2F1yglpczjt!19sChIJb1-VDNOnXZQR1otRc2_4tPU?authuser=0&hl=es-419&g_ep=EgoyMDI2MDkwNi4wIJJjKgBIAVAD&rclk=1","PENDING"
"Odontología Planificada","Asunción","Paraguay","Alberto De Sousa 5118 casi, Asunción 001412, Paraguay","595981982766","595981982766","http://www.oplanificada.com.py/","https://www.google.com/maps/place/Odontolog%C3%ADa+Planificada/data=!4m7!3m6!1s0x945da8911fc5bb01:0xea952d4726c87f31!8m2!3d-25.2999142!4d-57.5830383!16s%2Fg%2F1jkwd9gpt!19sChIJAbvFH5GoXZQRMX_IJkctleo?authuser=0&hl=es-419&g_ep=EgoyMDI2MDkwNi4wIJJjKgBIAVAD&rclk=1","PENDING"
"OdontoArte - CLINICA ODONTOLOGICA","Asunción","Paraguay","Gral. MacArthur 232, Asunción 001412, Paraguay","595971212184","595971212184","http://www.odontoarte.com.py/","https://www.google.com/maps/place/OdontoArte+-+CLINICA+ODONTOLOGICA/data=!4m7!3m6!1s0x945da89ca95629c1:0x9fb94ec4a17f9498!8m2!3d-25.292429!4d-57.5868815!16s%2Fg%2F11fyz_gcqx!19sChIJwSlWqZyoXZQRmJR_ocROuZ8?authuser=0&hl=es-419&g_ep=EgoyMDI2MDkwNi4wIJJjKgBIAVAD&rclk=1","PENDING"
"Odonto Center Especialidades","Asunción","Paraguay","Celsa Speratti, Asunción 001230, Paraguay","595983535456","595983535456","http://odontocenter.com.py/","https://www.google.com/maps/place/Odonto+Center+Especialidades/data=!4m7!3m6!1s0x945da862e83bd9fb:0x3e1d69a7593a8be1!8m2!3d-25.3027734!4d-57.6007648!16s%2Fg%2F11c6_67jvk!19sChIJ-9k76GKoXZQR4Ys6WadpHT4?authuser=0&hl=es-419&g_ep=EgoyMDI2MDkwNi4wIJJjKgBIAVAD&rclk=1","PENDING"
"María José Llano Carrillo - Psicóloga Clínica","Asunción","Paraguay","Carlos M. Gimenez 4919, Asunción 001414, Paraguay","595981852200","595981852200","","https://www.google.com/maps/place/Mar%C3%ADa+Jos%C3%A9+Llano+Carrillo+-+Psic%C3%B3loga+Cl%C3%ADnica/data=!4m7!3m6!1s0x945da90c417107b9:0xc5113fc434e1db35!8m2!3d-25.3036183!4d-57.5876196!16s%2Fg%2F11fn2xykgy!19sChIJuQdxQQypXZQRNdvhNMQ_EcU?authuser=0&hl=es-419&g_ep=EgoyMDI2MDkwNi4wIJJjKgBIAVAD&rclk=1","PENDING"
"Centro Activamente","Asunción","Paraguay","Patricio Oviedo 156 entre, Av. Mariscal López y, Asunción, Paraguay","595971170090","595971170090","","https://www.google.com/maps/place/Centro+Activamente/data=!4m7!3m6!1s0x945da76ec6b82807:0xc72f9848d3fafa96!8m2!3d-25.2915734!4d-57.5955974!16s%2Fg%2F11q8jrbwf3!19sChIJByi4xm6nXZQRlvr600iYL8c?authuser=0&hl=es-419&g_ep=EgoyMDI2MDkwNi4wIJJjKgBIAVAD&rclk=1","PENDING"
"Clinica Integral Neuropsicologica","Asunción","Paraguay","José Martí 5160, Asunción 001421, Paraguay","595982388921","595982388921","https://www.clinicaintegralneuropsicologica.org/","https://www.google.com/maps/place/Clinica+Integral+Neuropsicologica/data=!4m7!3m6!1s0x945da88d429b50df:0xcedd5b9d64814439!8m2!3d-25.3081748!4d-57.5877823!16s%2Fg%2F11c55vy151!19sChIJ31CbQo2oXZQROUSBZJ1b3c4?authuser=0&hl=es-419&g_ep=EgoyMDI2MDkwNi4wIJJjKgBIAVAD&rclk=1","PENDING"
"Laura Britos - Psicóloga Clínica","Asunción","Paraguay","Cnel. Antoliano Cantero, Asunción 001413, Paraguay","595972807776","595972807776","","https://www.google.com/maps/place/Laura+Britos+-+Psic%C3%B3loga+Cl%C3%ADnica/data=!4m7!3m6!1s0x945da900445da48b:0xdf4e2f76d4955e27!8m2!3d-25.2985864!4d-57.5906623!16s%2Fg%2F11vxy713pl!19sChIJi6RdRACpXZQRJ16V1HYvTt8?authuser=0&hl=es-419&g_ep=EgoyMDI2MDkwNi4wIJJjKgBIAVAD&rclk=1","PENDING"
"Lic. Nicolás Angulo","Asunción","Paraguay","San Roque Gonzalez de Santacruz 1841, Asunción 001421, Paraguay","595981832732","595981832732","","https://www.google.com/maps/place/Lic.+Nicol%C3%A1s+Angulo/data=!4m7!3m6!1s0x945da9bc5a8c6ed9:0x2de0b0faaaecb229!8m2!3d-25.3078742!4d-57.5893813!16s%2Fg%2F11fl902y4n!19sChIJ2W6MWrypXZQRKbLsqvqw4C0?authuser=0&hl=es-419&g_ep=EgoyMDI2MDkwNi4wIJJjKgBIAVAD&rclk=1","PENDING"
"Clinica 4 de Julio","Asunción","Paraguay","4 de Julio casi, Asunción 001408, Paraguay","595981482052","595981482052","http://www.focusnutricion.com.py/","https://www.google.com/maps/place/Clinica+4+de+Julio/data=!4m7!3m6!1s0x945da9ba5be5dd51:0xea51f51c54bdeba3!8m2!3d-25.292581!4d-57.5724128!16s%2Fg%2F11vbbx2c9f!19sChIJUd3lW7qpXZQRo-u9VBz1Ueo?authuser=0&hl=es-419&g_ep=EgoyMDI2MDkwNi4wIJJjKgBIAVAD&rclk=1","PENDING"
"Luciana Gómez, Nutricionista Infantil BLW, Trastornos de la Alimentación - Comer, criar, amar","Asunción","Paraguay","Capitán Juan Dimas Motta 408, Asunción 001408, Paraguay","595981810129","595981810129","https://instagram.com/blwlg?igshid=YmMyMTA2M2Y=","https://www.google.com/maps/place/Luciana+G%C3%B3mez,+Nutricionista+Infantil+BLW,+Trastornos+de+la+Alimentaci%C3%B3n+-+Comer,+criar,+amar/data=!4m7!3m6!1s0x945da7240f005289:0x3fff9bfdf80b7e40!8m2!3d-25.2938603!4d-57.5735393!16s%2Fg%2F11sszhljtr!19sChIJiVIADySnXZQRQH4L-P2b_z8?authuser=0&hl=es-419&g_ep=EgoyMDI2MDkwNi4wIJJjKgBIAVAD&rclk=1","PENDING"
"Nutricionista Silvana Masi","Asunción","Paraguay","Denis Roa 1341 casi, Asunción 001410, Paraguay","595982152905","595982152905","https://www.instagram.com/nutrisilvanamasi?igsh=aTFneTV5Y2Q3ZzF6","https://www.google.com/maps/place/Nutricionista+Silvana+Masi/data=!4m7!3m6!1s0x945da9724aebd7cd:0xe4eeec1640e4c803!8m2!3d-25.2897671!4d-57.5595696!16s%2Fg%2F11z1kzzdkr!19sChIJzdfrSnKpXZQRA8jkQBbs7uQ?authuser=0&hl=es-419&g_ep=EgoyMDI2MDkwNi4wIJJjKgBIAVAD&rclk=1","PENDING"
"Consultorio majonutri","Asunción","Paraguay","Agustín Pío Barrios 636, Asunción 001529, Paraguay","595972561500","595972561500","https://www.instagram.com/majonutri/saved/","https://www.google.com/maps/place/Consultorio+majonutri/data=!4m7!3m6!1s0x945da74b1babf1bd:0xd2b56bd9bb5c67c8!8m2!3d-25.2824387!4d-57.581076!16s%2Fg%2F11rkj378cp!19sChIJvfGrG0unXZQRyGdcu9lrtdI?authuser=0&hl=es-419&g_ep=EgoyMDI2MDkwNi4wIJJjKgBIAVAD&rclk=1","PENDING"
"Nutricionista Myriam Vila","Asunción","Paraguay","Adolfo Riquelme 4675, Asunción 1849, Paraguay","595971910020","595971910020","","https://www.google.com/maps/place/Nutricionista+Myriam+Vila/data=!4m7!3m6!1s0x945da93bed4f434b:0xcffc332f74fbc34a!8m2!3d-25.3036302!4d-57.590242!16s%2Fg%2F11fn20nx45!19sChIJS0NP7TupXZQRSsP7dC8z_M8?authuser=0&hl=es-419&g_ep=EgoyMDI2MDkwNi4wIJJjKgBIAVAD&rclk=1","PENDING"
"Margraf Dental Center","Asunción","Paraguay","Moisés Bertoni, Asunción 001411, Paraguay","595994659767","595994659767","https://www.margrafdentalcenter.com/","https://www.google.com/maps/place/Margraf+Dental+Center/data=!4m7!3m6!1s0x945da8b97adb1bdf:0x64f26a25782e2511!8m2!3d-25.2896331!4d-57.5806066!16s%2Fg%2F11gbf6ff9q!19sChIJ3xvbermoXZQRESUueCVq8mQ?authuser=0&hl=es-419&g_ep=EgoyMDI2MDkwNi4wIJJjKgBIAVAD&rclk=1","PENDING"
"Odontología “Simón Dental Studio”","Asunción","Paraguay","O’Higgins y, Asunción 001411, Paraguay","595985864906","595985864906","https://hopp.bio/simondentalstudio","https://www.google.com/maps/place/Odontolog%C3%ADa+%E2%80%9CSim%C3%B3n+Dental+Studio%E2%80%9D/data=!4m7!3m6!1s0x945da9bfb2f2e51b:0x57bdac6a1f15c3f!8m2!3d-25.2925166!4d-57.5763987!16s%2Fg%2F11mzng9v7m!19sChIJG-Xysr-pXZQRP1zxocbaewU?authuser=0&hl=es-419&g_ep=EgoyMDI2MDkwNi4wIJJjKgBIAVAD&rclk=1","PENDING"
"ODONTOS - Sucursal Shopping Villa Morra","Asunción","Paraguay","PC49+6V6, Av. Mariscal López &, Charles De Gaulle, Asunción, Paraguay","595214129000","595214129000","http://www.odontos.com.py/","https://www.google.com/maps/place/ODONTOS+-+Sucursal+Shopping+Villa+Morra/data=!4m7!3m6!1s0x945da899977f0f31:0x663807fe237a040b!8m2!3d-25.2944645!4d-57.5803582!16s%2Fg%2F11g88cm_0w!19sChIJMQ9_l5moXZQRCwR6I_4HOGY?authuser=0&hl=es-419&g_ep=EgoyMDI2MDkwNi4wIJJjKgBIAVAD&rclk=1","PENDING"
"Odontología Dra. Natalia Prieto","Asunción","Paraguay","Del Maestro 525, Asunción 001411, Paraguay","595994156717","595994156717","https://odontologiaprieto.com.py/","https://www.google.com/maps/place/Odontolog%C3%ADa+Dra.+Natalia+Prieto/data=!4m7!3m6!1s0x945da9f0cbfc1275:0xa9c5689544620a7d!8m2!3d-25.2887039!4d-57.5854774!16s%2Fg%2F11ljvp0q39!19sChIJdRL8y_CpXZQRfQpiRJVoxak?authuser=0&hl=es-419&g_ep=EgoyMDI2MDkwNi4wIJJjKgBIAVAD&rclk=1","PENDING"
"Odontología Dra. Lourdes Larroza","Asunción","Paraguay","PC59+C8M, Dr Weiss, Asunción 001411, Paraguay","595994889975","595994889975","","https://www.google.com/maps/place/Odontolog%C3%ADa+Dra.+Lourdes+Larroza/data=!4m7!3m6!1s0x945da9f71818d743:0x775c8f415ffed953!8m2!3d-25.2914125!4d-57.5816947!16s%2Fg%2F11vdkm91l5!19sChIJQ9cYGPepXZQRU9n-X0GPXHc?authuser=0&hl=es-419&g_ep=EgoyMDI2MDkwNi4wIJJjKgBIAVAD&rclk=1","PENDING"
"Psicologa Rocio Aguiar","Asunción","Paraguay","Del Maestro esquina, Asunción 1849, Paraguay","595994355562","595994355562","https://www.instagram.com/rocioaguiarps?igsh=MTk4NTdnenE5OHJwaA==","https://www.google.com/maps/place/Psicologa+Rocio+Aguiar/data=!4m7!3m6!1s0x945da98a82334c0d:0x325e48573922c9be!8m2!3d-25.2924587!4d-57.576373!16s%2Fg%2F11wg7s75vn!19sChIJDUwzgoqpXZQRvskiOVdIXjI?authuser=0&hl=es-419&g_ep=EgoyMDI2MDkwNi4wIJJjKgBIAVAD&rclk=1","PENDING"
"Enrique Delgado - Psicólogo Clínico","Asunción","Paraguay","Edif. Galenos, O’Higgins esq, Asunción 001410, Paraguay","595994712286","595994712286","","https://www.google.com/maps/place/Enrique+Delgado+-+Psic%C3%B3logo+Cl%C3%ADnico/data=!4m7!3m6!1s0x945da935d99e3893:0x53ddf2aecc4009b7!8m2!3d-25.292356!4d-57.5763082!16s%2Fg%2F11yl_1mt6n!19sChIJkzie2TWpXZQRtwlAzK7y3VM?authuser=0&hl=es-419&g_ep=EgoyMDI2MDkwNi4wIJJjKgBIAVAD&rclk=1","PENDING"
"Consultorio Psicológico - Alicia Adinolffi","Asunción","Paraguay","PC5F+3FQ, General Bernardo O'Higgins, Asunción 001411, Paraguay","595984122275","595984122275","","https://www.google.com/maps/place/Consultorio+Psicol%C3%B3gico+-+Alicia+Adinolffi/data=!4m7!3m6!1s0x945da99177253387:0x92d265787fccf295!8m2!3d-25.2922833!4d-57.5762539!16s%2Fg%2F11rg75b7tb!19sChIJhzMld5GpXZQRlfLMf3hl0pI?authuser=0&hl=es-419&g_ep=EgoyMDI2MDkwNi4wIJJjKgBIAVAD&rclk=1","PENDING"
"Consultorio psicológico Lic Perla Paranderi","Asunción","Paraguay","23 De Octubre &, Del Maestro, Asunción, Paraguay","595994286974","595994286974","","https://www.google.com/maps/place/Consultorio+psicol%C3%B3gico+Lic+Perla+Paranderi/data=!4m7!3m6!1s0x945da9139ca01eb3:0xfc1884026ce810b1!8m2!3d-25.2887302!4d-57.5877824!16s%2Fg%2F11rz4l07hh!19sChIJsx6gnBOpXZQRsRDobAKEGPw?authuser=0&hl=es-419&g_ep=EgoyMDI2MDkwNi4wIJJjKgBIAVAD&rclk=1","PENDING"
"Consultorio Clara Martínez Psicóloga","Asunción","Paraguay","Capitan Herminio Maldonado 1164 Casi, Asunción 001410, Paraguay","595972838522","595972838522","http://www.psicologiaconclara.com/","https://www.google.com/maps/place/Consultorio+Clara+Mart%C3%ADnez+Psic%C3%B3loga/data=!4m7!3m6!1s0x945da91dc8593b47:0x81dcd060eecdf304!8m2!3d-25.2890702!4d-57.5629315!16s%2Fg%2F11qgz3b9km!19sChIJRztZyB2pXZQRBPPN7mDQ3IE?authuser=0&hl=es-419&g_ep=EgoyMDI2MDkwNi4wIJJjKgBIAVAD&rclk=1","PENDING"
"NutriNatalia | Consultorio Nutrición","Asunción","Paraguay","Av. Bruno Guggiari 438, Asunción 110707, Paraguay","595994653555","595994653555","http://www.nutrinatalia.com/","https://www.google.com/maps/place/NutriNatalia+%7C+Consultorio+Nutrici%C3%B3n/data=!4m7!3m6!1s0x945da9001eae1cbd:0x47cfc1a32f7b956b!8m2!3d-25.3377375!4d-57.6222541!16s%2Fg%2F11yb8m_0f7!19sChIJvRyuHgCpXZQRa5V7L6PBz0c?authuser=0&hl=es-419&g_ep=EgoyMDI2MDkwNi4wIJJjKgBIAVAD&rclk=1","PENDING"
"Joyful","Asunción","Paraguay","Av. Santísima Trinidad casi, Asunción 001528, Paraguay","595981496071","595981496071","https://joyful.com.py/","https://www.google.com/maps/place/Joyful/data=!4m7!3m6!1s0x945da879f2277c2d:0x2d9565ba222c5763!8m2!3d-25.265907!4d-57.5688206!16s%2Fg%2F11f5ddd1yd!19sChIJLXwn8nmoXZQRY1csIrpllS0?authuser=0&hl=es-419&g_ep=EgoyMDI2MDkwNi4wIJJjKgBIAVAD&rclk=1","PENDING"
"Carina Díaz Tortella Nutrition & Training","Asunción","Paraguay","Moisés Bertoni 2148, Asunción 001408, Paraguay","595981461867","595981461867","","https://www.google.com/maps/place/Carina+D%C3%ADaz+Tortella+Nutrition+%26+Training/data=!4m7!3m6!1s0x945da999370c4975:0xe220246e9f742e9d!8m2!3d-25.2946422!4d-57.5695178!16s%2Fg%2F11fwfv9jmm!19sChIJdUkMN5mpXZQRnS50n24kIOI?authuser=0&hl=es-419&g_ep=EgoyMDI2MDkwNi4wIJJjKgBIAVAD&rclk=1","PENDING"
"Sandra Laconich","Asunción","Paraguay","Félix de Azara 2454, Asunción 001226, Paraguay","595991740366","595991740366","","https://www.google.com/maps/place/Sandra+Laconich/data=!4m7!3m6!1s0x945da9ff740f149b:0x1c906374a7fc8c7b!8m2!3d-25.2972376!4d-57.6129175!16s%2Fg%2F11px849f12!19sChIJmxQPdP-pXZQRe4z8p3RjkBw?authuser=0&hl=es-419&g_ep=EgoyMDI2MDkwNi4wIJJjKgBIAVAD&rclk=1","PENDING"
"Nutrición Nea","Asunción","Paraguay","Herminio Giménez 3382, Asunción 001230, Paraguay","595982538930","595982538930","","https://www.google.com/maps/place/Nutrici%C3%B3n+Nea/data=!4m7!3m6!1s0x945da9251646dc43:0x59a9bfdb89ca254a!8m2!3d-25.3023429!4d-57.6063413!16s%2Fg%2F11qpc5bv2x!19sChIJQ9xGFiWpXZQRSiXKidu_qVk?authuser=0&hl=es-419&g_ep=EgoyMDI2MDkwNi4wIJJjKgBIAVAD&rclk=1","PENDING"
"La Casita Consultorios","Asunción","Paraguay","Paraguay 1277, S2000 Rosario, Santa Fe","03364347697","03364347697","","https://www.google.com/maps/place/La+Casita+Consultorios/data=!4m7!3m6!1s0x95b7ab16f3940d53:0x78024041e6683153!8m2!3d-32.9514866!4d-60.6451595!16s%2Fg%2F11z1ss9l2t!19sChIJUw2U8xart5URUzFo5kFAAng?authuser=0&hl=es-419&g_ep=EgoyMDI2MDkwNi4wIJJjKgBIAVAD&rclk=1","PENDING"
"Lic Teresita Martinez Psicóloga","Asunción","Paraguay","M9HR+C9Q, Madre Ravasco, Asunción 001312, Paraguay","595992249498","595992249498","","https://www.google.com/maps/place/Lic+Teresita+Martinez+Psic%C3%B3loga/data=!4m7!3m6!1s0x945da9000599672f:0xe5eb39271354a878!8m2!3d-25.3213817!4d-57.6090433!16s%2Fg%2F11yxy1qr0f!19sChIJL2eZBQCpXZQReKhUEyc56-U?authuser=0&hl=es-419&g_ep=EgoyMDI2MDkwNi4wIJJjKgBIAVAD&rclk=1","PENDING"
"Psicóloga Manuela Zorraquin","Asunción","Paraguay","Alejandro Villamayor 2799, Asunción 001402, Paraguay","595981706060","595981706060","http://wa.me/ManuelaZorraquin","https://www.google.com/maps/place/Psic%C3%B3loga+Manuela+Zorraquin/data=!4m7!3m6!1s0x945da9fde376e15f:0x3235e5feeed47efa!8m2!3d-25.2866695!4d-57.5559743!16s%2Fg%2F11y886x50r!19sChIJX-F24_2pXZQR-n7U7v7lNTI?authuser=0&hl=es-419&g_ep=EgoyMDI2MDkwNi4wIJJjKgBIAVAD&rclk=1","PENDING"
"Centro Especializado en Psicoterapia (CEP)","Asunción","Paraguay","PCRC+5GW, Av. Santísima Trinidad 2892 esquina, Asunción 001519, Paraguay","595981434275","595981434275","https://www.centroceppy.com/","https://www.google.com/maps/place/Centro+Especializado+en+Psicoterapia+%28CEP%29/data=!4m7!3m6!1s0x945da8adcaa80057:0x5bcefd0683189e6d!8m2!3d-25.259527!4d-57.5786627!16s%2Fg%2F11b708l4my!19sChIJVwCoyq2oXZQRbZ4Ygwb9zls?authuser=0&hl=es-419&g_ep=EgoyMDI2MDkwNi4wIJJjKgBIAVAD&rclk=1","PENDING"
"Lic. Carolina Gauto","Asunción","Paraguay","Las carmelitas, Sta. Ana 1357, Asunción 001528, Paraguay","595994700434","595994700434","","https://www.google.com/maps/place/Lic.+Carolina+Gauto/data=!4m7!3m6!1s0x945da51c7dce723f:0xf06d076016ca251a!8m2!3d-25.2768623!4d-57.5709457!16s%2Fg%2F11rkldxd4b!19sChIJP3LOfRylXZQRGiXKFmAHbfA?authuser=0&hl=es-419&g_ep=EgoyMDI2MDkwNi4wIJJjKgBIAVAD&rclk=1","PENDING"
"Clínica Inmune Gen","Ciudad del Este","Paraguay","Calle 5 y Avda. San Jose 7000 Ciudad del Este, 7000, Paraguay","595986868052","595986868052","","https://www.google.com/maps/place/Cl%C3%ADnica+Inmune+Gen/data=!4m7!3m6!1s0x94f68feda1b59e79:0x723f1784bf7a7f11!8m2!3d-25.5140565!4d-54.6499246!16s%2Fg%2F11fkmxnl9c!19sChIJeZ61oe2P9pQREX96v4QXP3I?authuser=0&hl=es-419&g_ep=EgoyMDI2MDkwNi4wIJJjKgBIAVAD&rclk=1","PENDING"
"Nutricionista Clínica Deportiva -Lic Carmen Segovia","Ciudad del Este","Paraguay","Av. Policías Mártires de Curuguaty y, Cd. del Este 100163, Paraguay","595983586127","595983586127","","https://www.google.com/maps/place/Nutricionista+Cl%C3%ADnica+Deportiva+-Lic+Carmen+Segovia/data=!4m7!3m6!1s0x94f685005af94c8b:0x51192a7a5b44cbcd!8m2!3d-25.5242922!4d-54.6186716!16s%2Fg%2F11ldw7rg7s!19sChIJi0z5WgCF9pQRzctEW3oqGVE?authuser=0&hl=es-419&g_ep=EgoyMDI2MDkwNi4wIJJjKgBIAVAD&rclk=1","PENDING"
"Nutri Palmira","Ciudad del Este","Paraguay","Los Troperos, Cd. del Este 700000, Paraguay","595983321844","595983321844","","https://www.google.com/maps/place/Nutri+Palmira/data=!4m7!3m6!1s0x94f68f392ba4c7c9:0x3e5848b3116b8112!8m2!3d-25.5227237!4d-54.638503!16s%2Fg%2F11z4yz3qkb!19sChIJycekKzmP9pQREoFrEbNIWD4?authuser=0&hl=es-419&g_ep=EgoyMDI2MDkwNi4wIJJjKgBIAVAD&rclk=1","PENDING"
"Nutricionista Fátima Valiente","Ciudad del Este","Paraguay","Monday Nte. casi, Cd. del Este 100150, Paraguay","595986822883","595986822883","https://fatimavaliente.com/programa-diamond/","https://www.google.com/maps/place/Nutricionista+F%C3%A1tima+Valiente/data=!4m7!3m6!1s0x94f68fe32ed298d9:0xda1603fce7ecd35f!8m2!3d-25.533869!4d-54.629879!16s%2Fg%2F11vw_l91hy!19sChIJ2ZjSLuOP9pQRX9Ps5_wDFto?authuser=0&hl=es-419&g_ep=EgoyMDI2MDkwNi4wIJJjKgBIAVAD&rclk=1","PENDING"
"Centro de Nutrición Especializada","Ciudad del Este","Paraguay","Cd. del Este 100148, Paraguay","595983500333","595983500333","https://www.instagram.com/centrodenutri_especializada?igsh=YnVsMGt0YTdqaWhy&utm_source=qr","https://www.google.com/maps/place/Centro+de+Nutrici%C3%B3n+Especializada/data=!4m7!3m6!1s0x94f685cfb9c6ae71:0xd4ec21343001c10!8m2!3d-25.5289258!4d-54.6160614!16s%2Fg%2F11vhsn6j21!19sChIJca7Guc-F9pQREBwAQxPCTg0?authuser=0&hl=es-419&g_ep=EgoyMDI2MDkwNi4wIJJjKgBIAVAD&rclk=1","PENDING"
"Jessica Mercado Nutricionista","Ciudad del Este","Paraguay","F8RF+JV4, Cd. del Este 100169, Paraguay","595982989139","595982989139","","https://www.google.com/maps/place/Jessica+Mercado+Nutricionista/data=!4m7!3m6!1s0x94f6851ac7ab62d5:0xffc5cdac6064cb9b!8m2!3d-25.5084975!4d-54.6753096!16s%2Fg%2F11h0vpwl3g!19sChIJ1WKrxxqF9pQRm8tkYKzNxf8?authuser=0&hl=es-419&g_ep=EgoyMDI2MDkwNi4wIJJjKgBIAVAD&rclk=1","PENDING"
"Clínica Odonto Care - Implantes y Estética Dental en CDE","Ciudad del Este","Paraguay","Av. San Blás, Cd. del Este 7000, Paraguay","595985340802","595985340802","https://odontocarepy.com/","https://www.google.com/maps/place/Cl%C3%ADnica+Odonto+Care+-+Implantes+y+Est%C3%A9tica+Dental+en+CDE/data=!4m7!3m6!1s0x94f68596260fb519:0xbde130dff62c11a!8m2!3d-25.509622!4d-54.6283303!16s%2Fg%2F11t4dzz6x1!19sChIJGbUPJpaF9pQRGsFi_w0T3gs?authuser=0&hl=es-419&g_ep=EgoyMDI2MDkwNi4wIJJjKgBIAVAD&rclk=1","PENDING"
"OdontoEsteticPY","Ciudad del Este","Paraguay","al lado del Consulado de Brasil, Eugenio A. Garay, Cd. del Este 100137, Paraguay","595973663386","595973663386","https://www.facebook.com/odontoesteticPY/","https://www.google.com/maps/place/OdontoEsteticPY/data=!4m7!3m6!1s0x94f68f165732bf73:0x904b28aba8f37400!8m2!3d-25.5140391!4d-54.6136503!16s%2Fg%2F11h07xqj5q!19sChIJc78yVxaP9pQRAHTzqKsoS5A?authuser=0&hl=es-419&g_ep=EgoyMDI2MDkwNi4wIJJjKgBIAVAD&rclk=1","PENDING"
"DENTAL CENTER ESPECIALIDADES ODONTOLÓGICAS","Ciudad del Este","Paraguay","F9HQ+4CR, Av. Gral. Andrés Rodríguez, Cd. del Este 100138, Paraguay","59561510502","59561510502","","https://www.google.com/maps/place/DENTAL+CENTER+ESPECIALIDADES+ODONTOL%C3%93GICAS/data=!4m7!3m6!1s0x94f68fe2d1d07e77:0xd3c670159a669c68!8m2!3d-25.5221466!4d-54.6114786!16s%2Fg%2F11c6q6lf45!19sChIJd37Q0eKP9pQRaJxmmhVwxtM?authuser=0&hl=es-419&g_ep=EgoyMDI2MDkwNi4wIJJjKgBIAVAD&rclk=1","PENDING"
"Odontolatina CDE Boquerón","Ciudad del Este","Paraguay","Acá Carayá casi, Av. Rogelio Benitez 6, Cd. del Este, Paraguay","595973507435","595973507435","https://www.instagram.com/odontolatinacdeboqueron/","https://www.google.com/maps/place/Odontolatina+CDE+Boquer%C3%B3n/data=!4m7!3m6!1s0x94f68f7fa7b1e3a5:0xcfc2e60e716e7bd6!8m2!3d-25.5224641!4d-54.6221748!16s%2Fg%2F11p00264cf!19sChIJpeOxp3-P9pQR1ntucQ7mws8?authuser=0&hl=es-419&g_ep=EgoyMDI2MDkwNi4wIJJjKgBIAVAD&rclk=1","PENDING"
"Odontolatina Ciudad Nueva","Ciudad del Este","Paraguay","Julio Cesar Riquelme, Cd. del Este 100167, Paraguay","595973575036","595973575036","http://www.odontolatina.com/","https://www.google.com/maps/place/Odontolatina+Ciudad+Nueva/data=!4m7!3m6!1s0x94f68505b3bb4f4b:0x6a286d6b448416cd!8m2!3d-25.4993886!4d-54.6664835!16s%2Fg%2F11ry9s79w6!19sChIJS0-7swWF9pQRzRaERGttKGo?authuser=0&hl=es-419&g_ep=EgoyMDI2MDkwNi4wIJJjKgBIAVAD&rclk=1","PENDING"
"Consultorio Odontológico Unidental","Ciudad del Este","Paraguay","F97G+2W9, Cd. del Este 100149, Paraguay","595975827199","595975827199","","https://www.google.com/maps/place/Consultorio+Odontol%C3%B3gico+Unidental/data=!4m7!3m6!1s0x94f68fc2fc9212e1:0x122dd7ac211ac98!8m2!3d-25.5374566!4d-54.622644!16s%2Fg%2F11c55byrgx!19sChIJ4RKS_MKP9pQRmKwRwnrdIgE?authuser=0&hl=es-419&g_ep=EgoyMDI2MDkwNi4wIJJjKgBIAVAD&rclk=1","PENDING"
"Psicóloga Adolfina Sánchez","Ciudad del Este","Paraguay","Edificio Los Yerbales, Av. del Lago esquina, Cd. del Este 7000, Paraguay","595973111056","595973111056","","https://www.google.com/maps/place/Psic%C3%B3loga+Adolfina+S%C3%A1nchez/data=!4m7!3m6!1s0x94f68fa9f5059859:0xf271d76a0b670842!8m2!3d-25.5178686!4d-54.6235856!16s%2Fg%2F11v9zlt886!19sChIJWZgF9amP9pQRQghnC2rXcfI?authuser=0&hl=es-419&g_ep=EgoyMDI2MDkwNi4wIJJjKgBIAVAD&rclk=1","PENDING"
"Espacio Psique Consultorio Psicologico","Ciudad del Este","Paraguay","F9V2+V7P, Senador Long, Cd. del Este 100164, Paraguay","595992294273","595992294273","https://www.instagram.com/espaciopsique.consultorio?igsh=OXpjbm04aWU4Znc=","https://www.google.com/maps/place/Espacio+Psique+Consultorio+Psicologico/data=!4m7!3m6!1s0x94f6850011e772ed:0xfc655f363c93f116!8m2!3d-25.5049594!4d-54.6489562!16s%2Fg%2F11yvtz8z8_!19sChIJ7XLnEQCF9pQRFvGTPDZfZfw?authuser=0&hl=es-419&g_ep=EgoyMDI2MDkwNi4wIJJjKgBIAVAD&rclk=1","PENDING"
"Consultorio Psicológico - Lic Maria Paz Benitez Alderete","Ciudad del Este","Paraguay","Cd. del Este 100154, Paraguay","595993324379","595993324379","https://instagram.com/psicmariapazbeniteza?utm_medium=copy_link","https://www.google.com/maps/place/Consultorio+Psicol%C3%B3gico+-+Lic+Maria+Paz+Benitez+Alderete/data=!4m7!3m6!1s0x94f68f312461555f:0x5d59e1b883e1454b!8m2!3d-25.5265751!4d-54.6376247!16s%2Fg%2F11lfqfrtsc!19sChIJX1VhJDGP9pQRS0Xhg7jhWV0?authuser=0&hl=es-419&g_ep=EgoyMDI2MDkwNi4wIJJjKgBIAVAD&rclk=1","PENDING"
"Clínica Sapiens","Ciudad del Este","Paraguay","Edificio Lago de los Patos, , Parana Country Club 2do, Cd. del Este, Paraguay","595974498812","595974498812","https://sapiensclinica.com/?fbclid=PAdGRleANTUsNleHRuA2FlbQIxMQABp92nvOeZcrPt4YEKgrTxWRgTQczjjkheEOdt3qPlN1PnIikbjOdv0QE3Nfw3_aem_S7Km6jL7DsneRBztA9adTw#somos","https://www.google.com/maps/place/Cl%C3%ADnica+Sapiens/data=!4m7!3m6!1s0x94f685441ae7d037:0xbc46e5fd6bf6c8c3!8m2!3d-25.4766379!4d-54.6189778!16s%2Fg%2F11ykvtwdt6!19sChIJN9DnGkSF9pQRw8j2a_3lRrw?authuser=0&hl=es-419&g_ep=EgoyMDI2MDkwNi4wIJJjKgBIAVAD&rclk=1","PENDING"
"Sensorium","Ciudad del Este","Paraguay","Av. del Lago, Cd. del Este 100152, Paraguay","595976501343","595976501343","http://www.instagram.com/sensoriumclinica/?hl=es-la","https://www.google.com/maps/place/Sensorium/data=!4m7!3m6!1s0x94f68fa900248711:0xc44b8e477e0cd42a!8m2!3d-25.5202049!4d-54.6247957!16s%2Fg%2F11fplz0y0k!19sChIJEYckAKmP9pQRKtQMfkeOS8Q?authuser=0&hl=es-419&g_ep=EgoyMDI2MDkwNi4wIJJjKgBIAVAD&rclk=1","PENDING"
"Psicolife- Centro de Psicología y Psicopedagogia","Ciudad del Este","Paraguay","000 Ciudad del Este, 0000, Paraguay","595985948325","595985948325","","https://www.google.com/maps/place/Psicolife-+Centro+de+Psicolog%C3%ADa+y+Psicopedagogia/data=!4m7!3m6!1s0x94f6850b04e982a3:0xdcc8869465a76cd8!8m2!3d-25.518396!4d-54.6506458!16s%2Fg%2F11p0bm70by!19sChIJo4LpBAuF9pQR2GynZZSGyNw?authuser=0&hl=es-419&g_ep=EgoyMDI2MDkwNi4wIJJjKgBIAVAD&rclk=1","PENDING"
