nombre,ciudad,direccion,telefono,whatsapp,web,google_maps_url,estado
"Palermo Medicina Estética","Buenos Aires","Av. Sta. Fe 3192 piso 3 B, C1425 Cdad. Autónoma de Buenos Aires","01155813085","01155813085","http://palermomedicinaestetica.com/","https://www.google.com/maps/place/Palermo+Medicina+Est%C3%A9tica/data=!4m7!3m6!1s0x95bcca8174e9d297:0x5507ef5edb67c211!8m2!3d-34.5892315!4d-58.4100841!16s%2Fg%2F11bbrl3t_g!19sChIJl9LpdIHKvJUREcJn217vB1U?authuser=0&hl=es-419&rclk=1","PENDING"
"Estetica Palermo","Buenos Aires","Arenales 3426 PB A, C1425 Cdad. Autónoma de Buenos Aires","01144276819","01144276819","http://www.esteticapalermo.com/","https://www.google.com/maps/place/Estetica+Palermo/data=!4m7!3m6!1s0x95bcca821e8bffff:0xad18dffa2be7b7b!8m2!3d-34.5870767!4d-58.4114881!16s%2Fg%2F11c40q5hjs!19sChIJ__-LHoLKvJURe3u-ov-N0Qo?authuser=0&hl=es-419&rclk=1","PENDING"
"Dra. María Lucchesi Medicina Estética","Buenos Aires","Av. Cerviño 3527, C1425 Cdad. Autónoma de Buenos Aires","0111567934321","0111567934321","http://www.dramarialucchesi.com/","https://www.google.com/maps/place/Dra.+Mar%C3%ADa+Lucchesi+Medicina+Est%C3%A9tica/data=!4m7!3m6!1s0x95bcb57b81cd4895:0xb35f4ff49485199d!8m2!3d-34.5801706!4d-58.4087956!16s%2Fg%2F11c4bgywhz!19sChIJlUjNgXu1vJURnRmFlPRPX7M?authuser=0&hl=es-419&rclk=1","PENDING"
"Palermitas","Buenos Aires","Billinghurst 1784, C1425DTJ Cdad. Autónoma de Buenos Aires","0111564839310","0111564839310","https://sites.google.com/view/palermitas","https://www.google.com/maps/place/Palermitas/data=!4m7!3m6!1s0x95bccb677ca01379:0x9cb1553fd1eb0c66!8m2!3d-34.5897364!4d-58.4098839!16s%2Fg%2F11f6y7fb0p!19sChIJeROgfGfLvJURZgzr0T9VsZw?authuser=0&hl=es-419&rclk=1","PENDING"
"Masajes , Tratamientos Estéticos y Dermatológicos en Palermo CABA. ESENCIA","Buenos Aires","Av. Sta. Fe 3233, C1425 Cdad. Autónoma de Buenos Aires","01122526795","01122526795","https://www.masajesyesteticaesencia.com.ar/sucursal-alto-palermo/","https://www.google.com/maps/place/Masajes+,+Tratamientos+Est%C3%A9ticos+y+Dermatol%C3%B3gicos+en+Palermo+CABA.+ESENCIA/data=!4m7!3m6!1s0x95bcb5ad0d447311:0x35949a55d907b65e!8m2!3d-34.5885289!4d-58.4105801!16s%2Fg%2F11p64c0mbc!19sChIJEXNEDa21vJURXrYH2VWalDU?authuser=0&hl=es-419&rclk=1","PENDING"
"Estética Rouse Depilación Láser Definitiva - HIFU y Liposonix última tecnología - Fáciales - Lifting y Laminado y mucho más..","Buenos Aires","Av. Sta. Fe 3389, C1425 Cdad. Autónoma de Buenos Aires","01171458347","01171458347","http://app3.doyturnos.com/esteticarouse","https://www.google.com/maps/place/Est%C3%A9tica+Rouse+Depilaci%C3%B3n+L%C3%A1ser+Definitiva+-+HIFU+y+Liposonix+%C3%BAltima+tecnolog%C3%ADa+-+F%C3%A1ciales+-+Lifting+y+Laminado+y+mucho+m%C3%A1s../data=!4m7!3m6!1s0x95bccbdf6f10ae63:0xe539b337a2eb49d9!8m2!3d-34.5869461!4d-58.4127!16s%2Fg%2F11sxm5vv5n!19sChIJY64Qb9_LvJUR2UnrojezOeU?authuser=0&hl=es-419&rclk=1","PENDING"
"Sensoria Estética & Spa","Buenos Aires","Av. Medrano 1877, C1425GDE Cdad. Autónoma de Buenos Aires","01148244330","01148244330","http://www.sensoria.com.ar/","https://www.google.com/maps/place/Sensoria+Est%C3%A9tica+%26+Spa/data=!4m7!3m6!1s0x95bcca8079b8bc8f:0xdac0a8dbec969198!8m2!3d-34.5897441!4d-58.4172669!16s%2Fg%2F11c5261l2s!19sChIJj7y4eYDKvJURmJGW7NuowNo?authuser=0&hl=es-419&rclk=1","PENDING"
"Amarla Bioestética","Buenos Aires","Nicaragua 4716, C1425 Cdad. Autónoma de Buenos Aires","01161655466","01161655466","https://wa.me/message/DPCZ7UOWDH3PF1","https://www.google.com/maps/place/Amarla+Bioest%C3%A9tica/data=!4m7!3m6!1s0x95bcb52dfc1cd381:0x5d35f3117074bb7e!8m2!3d-34.5873259!4d-58.4264301!16s%2Fg%2F11gjq1t9nj!19sChIJgdMc_C21vJURfrt0cBHzNV0?authuser=0&hl=es-419&rclk=1","PENDING"
"Centro de Estética - Zelaya Beauty","Buenos Aires","Posadas 1423, C1011ABI Cdad. Autónoma de Buenos Aires","0111531393007","0111531393007","https://zelayabeauty.com/","https://www.google.com/maps/place/Centro+de+Est%C3%A9tica+-+Zelaya+Beauty/data=!4m7!3m6!1s0x95bccacf5001374b:0x217845544adbbdb4!8m2!3d-34.587894!4d-58.386269!16s%2Fg%2F11bxjp58x7!19sChIJSzcBUM_KvJURtL3bSlRFeCE?authuser=0&hl=es-419&rclk=1","PENDING"
"Clínica Milito","Buenos Aires","Av. Gral. Las Heras 1628, C1018 Cdad. Autónoma de Buenos Aires","01148140050","01148140050","http://www.clinicamilito.com/","https://www.google.com/maps/place/Cl%C3%ADnica+Milito/data=!4m7!3m6!1s0x95bccbcc0c5858a3:0xc32c229253385937!8m2!3d-34.593211!4d-58.390512!16s%2Fg%2F11s7rl_g66!19sChIJo1hYDMzLvJURN1k4U5IiLMM?authuser=0&hl=es-419&rclk=1","PENDING"
"Estética Buenos Aires","Buenos Aires","José Hernández 2431, C1426 EOQ, Cdad. Autónoma de Buenos Aires","0111524653507","0111524653507","http://www.esteticabuenosaires.com/","https://www.google.com/maps/place/Est%C3%A9tica+Buenos+Aires/data=!4m7!3m6!1s0x95bcb5d1b2c8ddf3:0x992fa607e3806f3d!8m2!3d-34.5657895!4d-58.4539611!16s%2Fg%2F11_ry7_89!19sChIJ893IstG1vJURPW-A4wemL5k?authuser=0&hl=es-419&rclk=1","PENDING"
"Esthetics One | Centro de Medicina Estética","Buenos Aires","Av. Juramento 1475 Piso 4 Dpto 9, C1428DMQ Cdad. Autónoma de Buenos Aires","0111564797224","0111564797224","https://centrodeestetica.ar/","https://www.google.com/maps/place/Esthetics+One+%7C+Centro+de+Medicina+Est%C3%A9tica/data=!4m7!3m6!1s0x95bcb5a89418a849:0x71bec80825bdb86!8m2!3d-34.5563416!4d-58.4476128!16s%2Fg%2F11s0sjy98k!19sChIJSagYlKi1vJURhttbgoDsGwc?authuser=0&hl=es-419&rclk=1","PENDING"
"Estética Belgrano","Buenos Aires","AAF, Av. Cabildo 2327 9A, C1428 C1428AAF, Cdad. Autónoma de Buenos Aires","01147867009","01147867009","http://www.esteticabelgrano.com.ar/","https://www.google.com/maps/place/Est%C3%A9tica+Belgrano/data=!4m7!3m6!1s0x95bcb59958c0db7b:0x9944a1ab6b4c78d1!8m2!3d-34.5597002!4d-58.4583984!16s%2Fg%2F11jk3ryqg7!19sChIJe9vAWJm1vJUR0XhMa6uhRJk?authuser=0&hl=es-419&rclk=1","PENDING"
"IDEAL - Centro de Estetica -","Buenos Aires","Vidal 2371, C1428 Cdad. Autónoma de Buenos Aires","01135978220","01135978220","http://www.esteticaideal.com/","https://www.google.com/maps/place/IDEAL+-+Centro+de+Estetica+-/data=!4m7!3m6!1s0x95bcb5d55a689b95:0xbf27f0688d92873a!8m2!3d-34.5615379!4d-58.4625139!16s%2Fg%2F11cn9gl2l7!19sChIJlZtoWtW1vJUROoeSjWjwJ78?authuser=0&hl=es-419&rclk=1","PENDING"
"Centro Médico List Belgrano","Buenos Aires","Av. Cabildo 642, C1426 Cdad. Autónoma de Buenos Aires","01147738121","01147738121","https://centromedicolist.ar/","https://www.google.com/maps/place/Centro+M%C3%A9dico+List+Belgrano/data=!4m7!3m6!1s0x95bcb5c6e336a561:0xf640aa1e375ca5ca!8m2!3d-34.57093!4d-58.4435992!16s%2Fg%2F11cn657j0g!19sChIJYaU248a1vJURyqVcNx6qQPY?authuser=0&hl=es-419&rclk=1","PENDING"
"Spa Belgrano Susana Noguera","Buenos Aires","Vuelta de Obligado 1551, C1426 Cdad. Autónoma de Buenos Aires","01150376028","01150376028","http://www.spabelgrano.com/","https://www.google.com/maps/place/Spa+Belgrano+Susana+Noguera/data=!4m7!3m6!1s0x95bcb5cfd7466d79:0x6cb11c57e1970761!8m2!3d-34.5658901!4d-58.4506627!16s%2Fg%2F1tgcbpwx!19sChIJeW1G18-1vJURYQeX4VccsWw?authuser=0&hl=es-419&rclk=1","PENDING"
"Estética Martínez Recoleta","Buenos Aires","Uruguay 1131, Recoleta, entre Avenida Santa Fe, Arenales y, C1016 Cdad. Autónoma de Buenos Aires","0111531254324","0111531254324","https://esteticamartinez.ar/","https://www.google.com/maps/place/Est%C3%A9tica+Mart%C3%ADnez+Recoleta/data=!4m7!3m6!1s0x95bccb24502564fb:0x144be412776eb4ae!8m2!3d-34.5954558!4d-58.3871167!16s%2Fg%2F11y4nz24cg!19sChIJ-2QlUCTLvJURrrRudxLkSxQ?authuser=0&hl=es-419&rclk=1","PENDING"
"Esteticiens","Buenos Aires","Ayacucho 1230 6to piso, C1111 Cdad. Autónoma de Buenos Aires","01152633590","01152633590","","https://www.google.com/maps/place/Esteticiens/data=!4m7!3m6!1s0x95bccac097b26ac1:0x6ffc11a6a8ab5a0f!8m2!3d-34.5942708!4d-58.3959062!16s%2Fg%2F11gfm_vwqp!19sChIJwWqyl8DKvJURD1qrqKYR_G8?authuser=0&hl=es-419&rclk=1","PENDING"
"Centro de Estética Vicenza","Buenos Aires","Vicente López 2240, C1125 Cdad. Autónoma de Buenos Aires","01148036302","01148036302","http://www.esteticavicenza.com/","https://www.google.com/maps/place/Centro+de+Est%C3%A9tica+Vicenza/data=!4m7!3m6!1s0x95bccb89456a95b1:0x6f0507b0eb72c489!8m2!3d-34.587477!4d-58.3957574!16s%2Fg%2F11jw6lzrbm!19sChIJsZVqRYnLvJURicRy67AHBW8?authuser=0&hl=es-419&rclk=1","PENDING"
"Dra Sofia Vazquez | Vazquez Dermatología","Buenos Aires","Av. Pres. Manuel Quintana 585, C1112 Cdad. Autónoma de Buenos Aires","01127279593","01127279593","https://drasofiavazquez.com.ar/","https://www.google.com/maps/place/Dra+Sofia+Vazquez+%7C+Vazquez+Dermatolog%C3%ADa/data=!4m7!3m6!1s0x95bccb87a2fba4e1:0xeec7a65ed050fd3e!8m2!3d-34.5876889!4d-58.3904321!16s%2Fg%2F11t7j8dp2j!19sChIJ4aT7oofLvJURPv1Q0F6mx-4?authuser=0&hl=es-419&rclk=1","PENDING"
"Kam Estética","Buenos Aires","Av. Sta. Fe 1984, C1425 Cdad. Autónoma de Buenos Aires","01140724128","01140724128","http://www.kamestetica.com/","https://www.google.com/maps/place/Kam+Est%C3%A9tica/data=!4m7!3m6!1s0x95bcca9624de17cf:0x92f51ae6adef307a!8m2!3d-34.5959618!4d-58.3957948!16s%2Fg%2F11dynbpv0f!19sChIJzxfeJJbKvJURejDvreYa9ZI?authuser=0&hl=es-419&rclk=1","PENDING"
"Medicina Estética - Dra. Erica Polonsky","Buenos Aires","Marcelo Torcuato de Alvear 2263 7 A/B, C1128 Buenos Aires","01165809248","01165809248","http://drapolonsky.com.ar/","https://www.google.com/maps/place/Medicina+Est%C3%A9tica+-+Dra.+Erica+Polonsky/data=!4m7!3m6!1s0x95bcca96b690461b:0xed21930f8ad9558a!8m2!3d-34.5966984!4d-58.399766!16s%2Fg%2F11f2wbxtn5!19sChIJG0aQtpbKvJURilXZig-TIe0?authuser=0&hl=es-419&rclk=1","PENDING"
"Dr Beauty Recoleta","Buenos Aires","Av. Pres. Manuel Quintana 492, C1129 Cdad. Autónoma de Buenos Aires","01130877847","01130877847","","https://www.google.com/maps/place/Dr+Beauty+Recoleta/data=!4m7!3m6!1s0x95bccb4d6c9d6f57:0xa2103b23e502bfde!8m2!3d-34.5885257!4d-58.3899324!16s%2Fg%2F11rv03nmpn!19sChIJV2-dbE3LvJUR3r8C5SM7EKI?authuser=0&hl=es-419&rclk=1","PENDING"
"BANEGAS ESTÉTICA MÉDICA","Buenos Aires","Arenales 1457 PB, C1061 Cdad. Autónoma de Buenos Aires","01140287659","01140287659","https://www.banegasesteticamedica.com.ar/","https://www.google.com/maps/place/BANEGAS+EST%C3%89TICA+M%C3%89DICA/data=!4m7!3m6!1s0x95bcca9ad8f4484b:0xe2daa08209ca2ab2!8m2!3d-34.5945817!4d-58.3880428!16s%2Fg%2F11ckqrjyxv!19sChIJS0j02JrKvJURsirKCYKg2uI?authuser=0&hl=es-419&rclk=1","PENDING"
"Cirujanos Plásticos - CEQ Del Plata","Buenos Aires","Av. Sta. Fe 3566 piso 11 B, C1425 BGX, Cdad. Autónoma de Buenos Aires","01159562823","01159562823","http://www.ceqdelplata.com.ar/","https://www.google.com/maps/place/Cirujanos+Pl%C3%A1sticos+-+CEQ+Del+Plata/data=!4m7!3m6!1s0x95bccbd4118473bb:0xf1e31dea78e31209!8m2!3d-34.586172!4d-58.41479!16s%2Fg%2F11gmdpdbmf!19sChIJu3OEEdTLvJURCRLjeOod4_E?authuser=0&hl=es-419&rclk=1","PENDING"
"MB estética y salud","Buenos Aires","Colpayo 52, C1405 Cdad. Autónoma de Buenos Aires","01132608220","01132608220","https://instagram.com/mbesteticaysalud?igshid=YmMyMTA2M2Y=","https://www.google.com/maps/place/MB+est%C3%A9tica+y+salud/data=!4m7!3m6!1s0x95bccb7acec8cc5d:0xa65003411e48daf9!8m2!3d-34.6193514!4d-58.4407229!16s%2Fg%2F11t9h_p4fn!19sChIJXczIznrLvJUR-dpIHkEDUKY?authuser=0&hl=es-419&rclk=1","PENDING"
"Estética Martínez (Caballito)","Buenos Aires","Guayaquil 210, C1424CAF Cdad. Autónoma de Buenos Aires","01126251822","01126251822","","https://www.google.com/maps/place/Est%C3%A9tica+Mart%C3%ADnez+%28Caballito%29/data=!4m7!3m6!1s0x95bccb54ab15cee1:0x3bdf9c29d715a49d!8m2!3d-34.6200485!4d-58.4314923!16s%2Fg%2F11t7288dpj!19sChIJ4c4Vq1TLvJURnaQV1ymc3zs?authuser=0&hl=es-419&rclk=1","PENDING"
"Estética Funcional Caballito","Buenos Aires","Av. Juan Bautista Alberdi 884, C1424 Cdad. Autónoma de Buenos Aires","01134441163","01134441163","http://www.esteticafuncional.com.ar/","https://www.google.com/maps/place/Est%C3%A9tica+Funcional+Caballito/data=!4m7!3m6!1s0x95bccbc917baf461:0x55934b65464a8af3!8m2!3d-34.6230631!4d-58.4404341!16s%2Fg%2F11n964qcyw!19sChIJYfS6F8nLvJUR84pKRmVLk1U?authuser=0&hl=es-419&rclk=1","PENDING"
"Flebella Medicina Estética","Buenos Aires","Otamendi 82 PB2, C1405 Cdad. Autónoma de Buenos Aires","0111568653898","0111568653898","https://flebella.com/","https://www.google.com/maps/place/Flebella+Medicina+Est%C3%A9tica/data=!4m7!3m6!1s0x95bcca4694a289ad:0xc9d8fa838f9573d9!8m2!3d-34.6153042!4d-58.4320981!16s%2Fg%2F1vcl4yv8!19sChIJrYmilEbKvJUR2XOVj4P62Mk?authuser=0&hl=es-419&rclk=1","PENDING"
"Medicina Estética - Dra. Erica Polonsky","Buenos Aires","C1424CEJ, Av. La Plata 213 Piso 2 Dpto A, C1184 Cdad. Autónoma de Buenos Aires","01169582010","01169582010","http://drapolonsky.com.ar/","https://www.google.com/maps/place/Medicina+Est%C3%A9tica+-+Dra.+Erica+Polonsky/data=!4m7!3m6!1s0x95bcca38c13515dd:0x5e16b60e471f0fa7!8m2!3d-34.6173248!4d-58.4289553!16s%2Fg%2F11bx851rds!19sChIJ3RU1wTjKvJURpw8fRw62Fl4?authuser=0&hl=es-419&rclk=1","PENDING"
"Dra. Maylen Aguirre Medicina Estética","Buenos Aires","Av. Acoyte 1288, C1414 Cdad. Autónoma de Buenos Aires","0111522585029","0111522585029","https://dramaylenaguirre.my.canva.site/?fbclid=PAVERFWARwnJNleHRuA2FlbQIxMQBzcnRjBmFwcF9pZA8xMjQwMjQ1NzQyODc0MTQAAaeFm9TmQ7_RubEUWsn1Y71p7qqjoNSFo8DHjcwx5-zPOc5YQBoQT9yHsF485A_aem_K_a0fR9nIo34-vtB7kKAgg","https://www.google.com/maps/place/Dra.+Maylen+Aguirre+Medicina+Est%C3%A9tica/data=!4m7!3m6!1s0x95bccb5455f648df:0x52f1329eae05014d!8m2!3d-34.6046267!4d-58.4418317!16s%2Fg%2F11z7dcfzhr!19sChIJ30j2VVTLvJURTQEFrp4y8VI?authuser=0&hl=es-419&rclk=1","PENDING"
"Bella Dermo Estética","Buenos Aires","Florida 259 depto 221, C1005 C1005ABF, Cdad. Autónoma de Buenos Aires","01157270828","01157270828","http://belladermo.wixsite.com/belladermo","https://www.google.com/maps/place/Bella+Dermo+Est%C3%A9tica/data=!4m7!3m6!1s0x95bccb70d9ae10e3:0xa2242468bed7c67e!8m2!3d-34.604973!4d-58.375011!16s%2Fg%2F11h6qk46p2!19sChIJ4xCu2XDLvJURfsbXvmgkJKI?authuser=0&hl=es-419&rclk=1","PENDING"
"Belle Body estética y bienestar centro de estética","Buenos Aires","Diego Palma 1423 of. 1, B1642 San Isidro, Provincia de Buenos Aires","01164445405","01164445405","http://www.esteticabellebody.com/","https://www.google.com/maps/place/Belle+Body+est%C3%A9tica+y+bienestar+centro+de+est%C3%A9tica/data=!4m7!3m6!1s0x95bcb02340876995:0x8ff78e089568d81b!8m2!3d-34.4791738!4d-58.5334872!16s%2Fg%2F11b5pkcjr1!19sChIJlWmHQCOwvJURG9holQiO948?authuser=0&hl=es-419&rclk=1","PENDING"
"Centro Estético Trigo - CET","Buenos Aires","Moreno 388, B1642 San Isidro, Provincia de Buenos Aires","01147429171","01147429171","https://centroesteticotrigo.com.ar/","https://www.google.com/maps/place/Centro+Est%C3%A9tico+Trigo+-+CET/data=!4m7!3m6!1s0x95bcb036d7ada257:0xad35ff04ba17fdcc!8m2!3d-34.4720898!4d-58.5171875!16s%2Fg%2F1tf5921t!19sChIJV6Kt1zawvJURzP0XugT_Na0?authuser=0&hl=es-419&rclk=1","PENDING"
"Belleza y Estética","Buenos Aires","Av. Andrés Rolón 142, B1642 San Isidro, Provincia de Buenos Aires","01147234185","01147234185","","https://www.google.com/maps/place/Belleza+y+Est%C3%A9tica/data=!4m7!3m6!1s0x95bcb04088da782b:0x6e87bff1ee868d38!8m2!3d-34.4806258!4d-58.5287404!16s%2Fg%2F11b70p_ffq!19sChIJK3jaiECwvJUROI2G7vG_h24?authuser=0&hl=es-419&rclk=1","PENDING"
"Peluquería y estética | Sentirse Amada","Buenos Aires","Maestro Santana 678, B1642 San Isidro, Provincia de Buenos Aires","0111551181385","0111551181385","","https://www.google.com/maps/place/Peluquer%C3%ADa+y+est%C3%A9tica+%7C+Sentirse+Amada/data=!4m7!3m6!1s0x95bcb1e1c03385cf:0xc49ce64c2c847b26!8m2!3d-34.4733611!4d-58.5264511!16s%2Fg%2F11mtrwwn44!19sChIJz4UzwOGxvJURJnuELEzmnMQ?authuser=0&hl=es-419&rclk=1","PENDING"
"ONIX sitio de estética","Buenos Aires","Av. Andrés Rolón 112, B1642 San Isidro, Provincia de Buenos Aires","01153084846","01153084846","https://www.facebook.com/onixsitiodeestetica/","https://www.google.com/maps/place/ONIX+sitio+de+est%C3%A9tica/data=!4m7!3m6!1s0x95bcb0408950c631:0xddcda2e2aa0af96a!8m2!3d-34.4808024!4d-58.5284658!16s%2Fg%2F11crv214jx!19sChIJMcZQiUCwvJURavkKquKizd0?authuser=0&hl=es-419&rclk=1","PENDING"
"Definit Depilacion Láser - San Isidro","Buenos Aires","Av. Juan Segundo Fernández 218, B1642AMQ San Isidro, Provincia de Buenos Aires","08009451250","08009451250","http://www.definit.com.ar/","https://www.google.com/maps/place/Definit+Depilacion+L%C3%A1ser+-+San+Isidro/data=!4m7!3m6!1s0x95bcb1edc4be8df7:0x8862b1593d4482b2!8m2!3d-34.4898625!4d-58.548213!16s%2Fg%2F11khmqptwn!19sChIJ942-xO2xvJURsoJEPVmxYog?authuser=0&hl=es-419&rclk=1","PENDING"
"New Corp Medicina Estética","Buenos Aires","Arenales 605, B1638 Vicente López, Provincia de Buenos Aires","01152275753","01152275753","http://www.newcorp.com.ar/","https://www.google.com/maps/place/New+Corp+Medicina+Est%C3%A9tica/data=!4m7!3m6!1s0x95bcb6ad4e8e3679:0xd9f42c66e585581a!8m2!3d-34.518595!4d-58.4754188!16s%2Fg%2F1yj4k435v!19sChIJeTaOTq22vJURGliF5WYs9Nk?authuser=0&hl=es-419&rclk=1","PENDING"
"Fimedical","Buenos Aires","Gaspar Campos 1027, B1638AVK Vicente López, Provincia de Buenos Aires","01147375533","01147375533","http://www.fimedical.com.ar/","https://www.google.com/maps/place/Fimedical/data=!4m7!3m6!1s0x95bcb6ae0a4f9797:0xca00d858f8e8fcaf!8m2!3d-34.5262751!4d-58.4764309!16s%2Fg%2F11b6zq43nm!19sChIJl5dPCq62vJURr_zo-FjYAMo?authuser=0&hl=es-419&rclk=1","PENDING"
"M.A Medicina Estética & Dermatología VL - Dra. M. Alcorta","Buenos Aires","Aristóbulo del Valle 1527, B1602 Florida, Provincia de Buenos Aires","0111558623678","0111558623678","https://mamedicinaestetica.com.ar/","https://www.google.com/maps/place/M.A+Medicina+Est%C3%A9tica+%26+Dermatolog%C3%ADa+VL+-+Dra.+M.+Alcorta/data=!4m7!3m6!1s0x95bcb728678e1b89:0x83f0f52fdf56b94c!8m2!3d-34.5365029!4d-58.4777414!16s%2Fg%2F11wqh968w3!19sChIJiRuOZyi3vJURTLlW3y_18IM?authuser=0&hl=es-419&rclk=1","PENDING"
"JUVENTYA Medicina Capilar","Buenos Aires","Av. Maipú 1565 2° Piso, B1602 Florida, Provincia de Buenos Aires","01157802528","01157802528","http://www.juventya.com/","https://www.google.com/maps/place/JUVENTYA+Medicina+Capilar/data=!4m7!3m6!1s0x95bcb106a28a5c9d:0x6cc8026a9a7430cf!8m2!3d-34.5232328!4d-58.4838022!16s%2Fg%2F11nnvjx443!19sChIJnVyKogaxvJURzzB0mmoCyGw?authuser=0&hl=es-419&rclk=1","PENDING"
"Clínica Ferrazzano Clínica Médica Estética y Centro Wellness","Buenos Aires","Dr. Eduardo Madero 1085 B1638AVK, B1638AVS Vicente López, Provincia de Buenos Aires","01132833794","01132833794","http://www.clinicaferrazzano.com/","https://www.google.com/maps/place/Cl%C3%ADnica+Ferrazzano+Cl%C3%ADnica+M%C3%A9dica+Est%C3%A9tica+y+Centro+Wellness/data=!4m7!3m6!1s0x95bcb777205e3421:0xb7d57363a48c9f04!8m2!3d-34.5251259!4d-58.4758952!16s%2Fg%2F11ffm59xz3!19sChIJITReIHe3vJURBJ-MpGNz1bc?authuser=0&hl=es-419&rclk=1","PENDING"
"Dra. Carolina Pereira Dermatología & Estética","Buenos Aires","Av maipu 1179, PISO 6 DTO C. VICENTE LOPEZ, B1638 Vte. Lopez, Provincia de Buenos Aires","01125073782","01125073782","http://www.dracarolinapereira.com.ar/","https://www.google.com/maps/place/Dra.+Carolina+Pereira+Dermatolog%C3%ADa+%26+Est%C3%A9tica/data=!4m7!3m6!1s0x95bcb1f15d36ad55:0xf84d0074f2cd7b2c!8m2!3d-34.5268033!4d-58.4816847!16s%2Fg%2F11j8z37spp!19sChIJVa02XfGxvJURLHvN8nQATfg?authuser=0&hl=es-419&rclk=1","PENDING"
"Dermatologia y Estetica","Buenos Aires","Nicolás Avellaneda 1085, B1602 Florida, Provincia de Buenos Aires","01130685926","01130685926","https://esteticavicentelopez.com.ar/","https://www.google.com/maps/place/Dermatologia+y+Estetica/data=!4m7!3m6!1s0x95bcb737988b2c23:0x6f193309e7571456!8m2!3d-34.5290598!4d-58.4836477!16s%2Fg%2F11l1_vphw7!19sChIJIyyLmDe3vJURVhRX5wkzGW8?authuser=0&hl=es-419&rclk=1","PENDING"
"Estética Funcional Flores","Buenos Aires","Cnel. Ramón L. Falcón 2230, C1406 Cdad. Autónoma de Buenos Aires","01144196934","01144196934","http://www.esteticafuncional.com.ar/","https://www.google.com/maps/place/Est%C3%A9tica+Funcional+Flores/data=!4m7!3m6!1s0x95bccb61e612d837:0x45a29832b9cf6ba4!8m2!3d-34.6295301!4d-58.4596322!16s%2Fg%2F11n25zjdkh!19sChIJN9gS5mHLvJURpGvPuTKYokU?authuser=0&hl=es-419&rclk=1","PENDING"
"MEF - Medicina Estética Flebológica","Buenos Aires","Fray Cayetano Rodríguez 45, C1406AVA Cdad. Autónoma de Buenos Aires","01131557988","01131557988","https://esteticamef.com.ar/","https://www.google.com/maps/place/MEF+-+Medicina+Est%C3%A9tica+Flebol%C3%B3gica/data=!4m7!3m6!1s0x95bcca2781d72273:0x554d36278efe2047!8m2!3d-34.6282889!4d-58.462786!16s%2Fg%2F12qfm65jz!19sChIJcyLXgSfKvJURRyD-jic2TVU?authuser=0&hl=es-419&rclk=1","PENDING"
"DM estética Flores","Buenos Aires","Lautaro 422, C1406DKJ Cdad. Autónoma de Buenos Aires","01136044940","01136044940","http://dmesteticaflores.com.ar/#!/categoria//pagina/1/","https://www.google.com/maps/place/DM+est%C3%A9tica+Flores/data=!4m7!3m6!1s0x95bccb7b809b6115:0xb7eeed6106cff894!8m2!3d-34.6321059!4d-58.4552826!16s%2Fg%2F11ppy2_py0!19sChIJFWGbgHvLvJURlPjPBmHt7rc?authuser=0&hl=es-419&rclk=1","PENDING"
"Estética Galicia centro de belleza","Buenos Aires","Av. Rivadavia 7614, C1406 Cdad. Autónoma de Buenos Aires","01170089003","01170089003","","https://www.google.com/maps/place/Est%C3%A9tica+Galicia+centro+de+belleza/data=!4m7!3m6!1s0x95bcc95bdb70b1eb:0x1ee126a4a8d412f9!8m2!3d-34.6316132!4d-58.4725022!16s%2Fg%2F11t5xn4yx5!19sChIJ67Fw21vJvJUR-RLUqKQm4R4?authuser=0&hl=es-419&rclk=1","PENDING"
"Beautyderm - Centro Médico Estético","Buenos Aires","Av. Rivadavia 6351, C1406 Cdad. Autónoma de Buenos Aires","48527878","48527878","http://www.beautyderm.com.ar/","https://www.google.com/maps/place/Beautyderm+-+Centro+M%C3%A9dico+Est%C3%A9tico/data=!4m7!3m6!1s0x95bccbae03f33efb:0x2e77b4f7b0e884ed!8m2!3d-34.6259155!4d-58.4562606!16s%2Fg%2F11h2hlnykf!19sChIJ-z7zA67LvJUR7YTosPe0dy4?authuser=0&hl=es-419&rclk=1","PENDING"
"Flebologia Buenos Aires | Sucursal Flores","Buenos Aires","Av. Coronel Esteban Bonorino 20, C1406DMB Cdad. Autónoma de Buenos Aires","01128677602","01128677602","http://www.flebologiabuenosaires.com.ar/","https://www.google.com/maps/place/Flebologia+Buenos+Aires+%7C+Sucursal+Flores/data=!4m7!3m6!1s0x95bcca265c459ae7:0xf354265e0d2820e6!8m2!3d-34.6282177!4d-58.4595532!16s%2Fg%2F1hdyxhb4m!19sChIJ55pFXCbKvJUR5iAoDV4mVPM?authuser=0&hl=es-419&rclk=1","PENDING"
"Centro de Estética "" TINA "" Flores","Buenos Aires","Pergamino 1285 Piso 3 departamento 18, C1406GTE Cdad. Autónoma de Buenos Aires","02246518568","02246518568","https://taplink.cc/esteticadesaludtina?utm_source=ig&utm_medium=social&utm_content=link_in_bio&fbclid=PAb21jcARKxTNleHRuA2FlbQIxMQBzcnRjBmFwcF9pZA81NjcwNjczNDMzNTI0MjcAAaeUbRLkRPEJqxbeyNSMbKMH8x7gu6nmk0h7xwDI34R3bcMjRVJNl-axZI0Rrw_aem_VydEY6Wp-ECsTYazH_Rb5Q","https://www.google.com/maps/place/Centro+de+Est%C3%A9tica+%22+TINA+%22+Flores/data=!4m7!3m6!1s0x95bcc988dc98843b:0xb34f885cfeab7594!8m2!3d-34.6451752!4d-58.4663641!16s%2Fg%2F11z4y668pb!19sChIJO4SY3IjJvJURlHWr_lyIT7M?authuser=0&hl=es-419&rclk=1","PENDING"
"Estetica Funcional Urquiza","Buenos Aires","Av. Triunvirato 4671, C1431FBJ Cdad. Autónoma de Buenos Aires","01134441164","01134441164","https://www.instagram.com/urquizaesteticafuncional?igsh=cTFxcTJ6ZDc4Njlk","https://www.google.com/maps/place/Estetica+Funcional+Urquiza/data=!4m7!3m6!1s0x95bcb724c5fad063:0xb0a33f9a1f0d0c08!8m2!3d-34.5744191!4d-58.4859888!16s%2Fg%2F11jt7r6gpt!19sChIJY9D6xSS3vJURCAwNH5o_o7A?authuser=0&hl=es-419&rclk=1","PENDING"
"BELLA - ESTETICA FEMENINA","Buenos Aires","Díaz Colodrero 3286, C1431 Cdad. Autónoma de Buenos Aires","01163562140","01163562140","https://www.facebook.com/bella.esteticaeindumentaria","https://www.google.com/maps/place/BELLA+-+ESTETICA+FEMENINA/data=!4m7!3m6!1s0x95bcb7a1d66ea2e9:0x3fdfa6f2abf9592!8m2!3d-34.5663642!4d-58.4915847!16s%2Fg%2F11gqvh2xy8!19sChIJ6aJu1qG3vJURkpW_Km_6_QM?authuser=0&hl=es-419&rclk=1","PENDING"
"Mle Medicina Estética","Buenos Aires","Bauness 2551, C1431 Cdad. Autónoma de Buenos Aires","01121530235","01121530235","http://mlemedicinaestetica.com.ar/","https://www.google.com/maps/place/Mle+Medicina+Est%C3%A9tica/data=!4m7!3m6!1s0x95bcb65dd3c95555:0x529cf5f492f8db61!8m2!3d-34.5737476!4d-58.4885604!16s%2Fg%2F11fz9z5cs3!19sChIJVVXJ0122vJURYdv4kvT1nFI?authuser=0&hl=es-419&rclk=1","PENDING"
"Centro de Estética - Mujer Verdadera","Buenos Aires","Centro de Estética, Bauness 2188, C1431 Cdad. Autónoma de Buenos Aires","01145243765","01145243765","","https://www.google.com/maps/place/Centro+de+Est%C3%A9tica+-+Mujer+Verdadera/data=!4m7!3m6!1s0x95bcb65d588e58eb:0x5d71dde471f614f1!8m2!3d-34.5767559!4d-58.485898!16s%2Fg%2F11hbfd9l7r!19sChIJ61iOWF22vJUR8RT2ceTdcV0?authuser=0&hl=es-419&rclk=1","PENDING"
"LACA Beauty Villa Urquiza","Buenos Aires","Díaz Colodrero 2323, C1431 Cdad. Autónoma de Buenos Aires","01165020407","01165020407","http://tiendalacabeauty.com.ar/","https://www.google.com/maps/place/LACA+Beauty+Villa+Urquiza/data=!4m7!3m6!1s0x95bcb76682740af7:0xfaf263ae46985c24!8m2!3d-34.5741823!4d-58.4849044!16s%2Fg%2F11sbjgw55j!19sChIJ9wp0gma3vJURJFyYRq5j8vo?authuser=0&hl=es-419&rclk=1","PENDING"
"Bio Estetica y Spa","Buenos Aires","Mendoza 4893, C1431 Cdad. Autónoma de Buenos Aires","01131115850","01131115850","https://www.instagram.com/bioesteticayspa/?hl=es-la","https://www.google.com/maps/place/Bio+Estetica+y+Spa/data=!4m7!3m6!1s0x95bcb66615002a2f:0x1d099c240ca3ab4a!8m2!3d-34.5755166!4d-58.4816597!16s%2Fg%2F1v27wpd6!19sChIJLyoAFWa2vJURSqujDCScCR0?authuser=0&hl=es-419&rclk=1","PENDING"
"Estética Bella Vita","Buenos Aires","Av. Álvarez Thomas 2962, C1431FOT Cdad. Autónoma de Buenos Aires","01136682274","01136682274","http://esteticabellavita.com/consultorio-villa-urquiza/","https://www.google.com/maps/place/Est%C3%A9tica+Bella+Vita/data=!4m7!3m6!1s0x95bcb7f9909fb497:0xede253fffa7ff812!8m2!3d-34.5731906!4d-58.4814334!16s%2Fg%2F11rfplr8jw!19sChIJl7SfkPm3vJUREvh_-v9T4u0?authuser=0&hl=es-419&rclk=1","PENDING"
"Camila Taborda Cosmetología Microcentro","Buenos Aires","Tucumán 983, C1039 Cdad. Autónoma de Buenos Aires","01170590119","01170590119","https://ctcosmetologiaestudio.site.agendapro.com/ar","https://www.google.com/maps/place/Camila+Taborda+Cosmetolog%C3%ADa+Microcentro/data=!4m7!3m6!1s0x95bccb56769513e5:0x7bf80b2349591bbc!8m2!3d-34.6012817!4d-58.3807786!16s%2Fg%2F11yq8ygng4!19sChIJ5ROVdlbLvJURvBtZSSML-Hs?authuser=0&hl=es-419&rclk=1","PENDING"
"Glory Beauty & Spa, Masajes, Belleza de Cejas y Pestañas en Microcentro Caba.","Buenos Aires","Florida 681, C1005 Cdad. Autónoma de Buenos Aires","01139318359","01139318359","https://www.glorybeautyspa.com.ar/","https://www.google.com/maps/place/Glory+Beauty+%26+Spa,+Masajes,+Belleza+de+Cejas+y+Pesta%C3%B1as+en+Microcentro+Caba./data=!4m7!3m6!1s0x95bccbc56e9a2c61:0x45b38a8c11ac01f0!8m2!3d-34.6001517!4d-58.3751567!16s%2Fg%2F11vdbf3w6m!19sChIJYSyabsXLvJUR8AGsEYyKs0U?authuser=0&hl=es-419&rclk=1","PENDING"
"Iobella Microcentro","Buenos Aires","Viamonte 524 3er piso, C1054 Cdad. Autónoma de Buenos Aires","01143112226","01143112226","http://iobella.com.ar/","https://www.google.com/maps/place/Iobella+Microcentro/data=!4m7!3m6!1s0x95bccacb7835d29b:0x2d3995af64ba12f7!8m2!3d-34.5998957!4d-58.3744588!16s%2Fg%2F1q5gp5lsb!19sChIJm9I1eMvKvJUR9xK6ZK-VOS0?authuser=0&hl=es-419&rclk=1","PENDING"
"Femelle Spa","Buenos Aires","Florida 15 1° Piso, Local 23, C1005 Microcentro, Cdad. Autónoma de Buenos Aires","01143433196","01143433196","https://www.instagram.com/femellespa/","https://www.google.com/maps/place/Femelle+Spa/data=!4m7!3m6!1s0x95bccad25375bb59:0x9833dcdc0b9e0d19!8m2!3d-34.607924!4d-58.374815!16s%2Fg%2F1tk68wb1!19sChIJWbt1U9LKvJURGQ2eC9zcM5g?authuser=0&hl=es-419&rclk=1","PENDING"
"Estilo Up | Sede Microcentro","Buenos Aires","Suipacha 370, C1008 Cdad. Autónoma de Buenos Aires","01123184604","01123184604","","https://www.google.com/maps/place/Estilo+Up+%7C+Sede+Microcentro/data=!4m7!3m6!1s0x95bccb8b02a68ecb:0xb76e01622dd7fdec!8m2!3d-34.6041113!4d-58.3795155!16s%2Fg%2F11h4tbytvl!19sChIJy46mAovLvJUR7P3XLWIBbrc?authuser=0&hl=es-419&rclk=1","PENDING"
"MEB Medicina & Estética","Buenos Aires","Esmeralda 920, C1007ABL C1007ABL, Cdad. Autónoma de Buenos Aires","01139465953","01139465953","http://www.mebestetica.com.ar/","https://www.google.com/maps/place/MEB+Medicina+%26+Est%C3%A9tica/data=!4m7!3m6!1s0x95bccacb88dac961:0x15f53a588bd3c349!8m2!3d-34.5974116!4d-58.3787437!16s%2Fg%2F11bbrp9jz2!19sChIJYcnaiMvKvJURScPTi1g69RU?authuser=0&hl=es-419&rclk=1","PENDING"
"Estética Martínez (Martínez)","Buenos Aires","Necochea 1824, B1640 Martínez, Provincia de Buenos Aires","01136852029","01136852029","","https://www.google.com/maps/place/Est%C3%A9tica+Mart%C3%ADnez+%28Mart%C3%ADnez%29/data=!4m7!3m6!1s0x95bcb142b5c4dc9d:0x41e2084b43ed6fd6!8m2!3d-34.4921071!4d-58.5093107!16s%2Fg%2F11hzbvn6xg!19sChIJndzEtUKxvJUR1m_tQ0sI4kE?authuser=0&hl=es-419&rclk=1","PENDING"
"Estética Eden Martinez","Buenos Aires","Gral. Alvear 257, B1640 Martínez, Provincia de Buenos Aires","01126029126","01126029126","","https://www.google.com/maps/place/Est%C3%A9tica+Eden+Martinez/data=!4m7!3m6!1s0x95bcb1a8cffed741:0x6eb9ead070d189f!8m2!3d-34.4882582!4d-58.4978468!16s%2Fg%2F1q629rl62!19sChIJQdf-z6ixvJURnxgNB62e6wY?authuser=0&hl=es-419&rclk=1","PENDING"
"Estética Martínez (Olivos)","Buenos Aires","Av. Maipú 2285, B1636AAC, B1636AAC Olivos, Provincia de Buenos Aires","0111562837169","0111562837169","","https://www.google.com/maps/place/Est%C3%A9tica+Mart%C3%ADnez+%28Olivos%29/data=!4m7!3m6!1s0x95bcb105a608672d:0x6bf9c8688c67f97d!8m2!3d-34.5147322!4d-58.4883967!16s%2Fg%2F11rnf8l32w!19sChIJLWcIpgWxvJURfflnjGjI-Ws?authuser=0&hl=es-419&rclk=1","PENDING"
"Bio Estetica y Spa Martinez","Buenos Aires","Ladislao Martínez 65, B1640EYA Martínez, Provincia de Buenos Aires","01151020254","01151020254","","https://www.google.com/maps/place/Bio+Estetica+y+Spa+Martinez/data=!4m7!3m6!1s0x95bcb19b12676f8f:0x77ad54202ad9e1d8!8m2!3d-34.4900656!4d-58.4992106!16s%2Fg%2F11s5sz7rp9!19sChIJj29nEpuxvJUR2OHZKiBUrXc?authuser=0&hl=es-419&rclk=1","PENDING"
"IMEL Medicina Estética y Láser","Buenos Aires","Ladislao Martínez 248, B1640EYF Martínez, Provincia de Buenos Aires","01133025222","01133025222","http://www.imel-esteticalaser.com.ar/","https://www.google.com/maps/place/IMEL+Medicina+Est%C3%A9tica+y+L%C3%A1ser/data=!4m7!3m6!1s0x95bcb1ac286828b5:0xfb86b9087e392ea8!8m2!3d-34.4888836!4d-58.4973838!16s%2Fg%2F1q62hqs_b!19sChIJtShoKKyxvJURqC45fgi5hvs?authuser=0&hl=es-419&rclk=1","PENDING"
"RENUVA - Clínica estética y laser","Asunción","Eusebio Lillo Robles 1498 esq, Asunción 001411, Paraguay","595981521527","595981521527","","https://www.google.com/maps/place/RENUVA+-+Cl%C3%ADnica+est%C3%A9tica+y+laser/data=!4m7!3m6!1s0x945da994122c9b45:0xa041f5ffe762b5af!8m2!3d-25.2893184!4d-57.5747341!16s%2Fg%2F11j7knzgl4!19sChIJRZssEpSpXZQRr7Vi5__1QaA?authuser=0&hl=es-419&rclk=1","PENDING"
"DermoBeauty · Villa Morra","Asunción","Doctor Francisco Morra Nº 717 casi Eusebio Lillo Robles, Dr. Francisco Morra 717, Asunción, Paraguay","595981673700","595981673700","http://www.dermobeauty.com.py/","https://www.google.com/maps/place/DermoBeauty+%C2%B7+Villa+Morra/data=!4m7!3m6!1s0x945da89f7ce6aed5:0x8e1cd7e1fbde38e1!8m2!3d-25.288256!4d-57.5759961!16s%2Fg%2F11b6s8hbq2!19sChIJ1a7mfJ-oXZQR4Tje--HXHI4?authuser=0&hl=es-419&rclk=1","PENDING"
"Biolaser Medicina Estética","Asunción","San Rafael 698 esquina, Ntra. Sra. del Carmen 698, Asunción, Paraguay","595983118888","595983118888","http://www.biolaser.com.py/","https://www.google.com/maps/place/Biolaser+Medicina+Est%C3%A9tica/data=!4m7!3m6!1s0x945da61f0b1bed3d:0xcc8ee2fc159fdde7!8m2!3d-25.2816625!4d-57.5743704!16s%2Fg%2F11b78q35ck!19sChIJPe0bCx-mXZQR592fFfzijsw?authuser=0&hl=es-419&rclk=1","PENDING"
"Velours Clínica Medicina Estética","Asunción","Papa Juan XXIII y, Asunción 001529, Paraguay","595991855939","595991855939","https://velours.com.py/","https://www.google.com/maps/place/Velours+Cl%C3%ADnica+Medicina+Est%C3%A9tica/data=!4m7!3m6!1s0x945da77bbd4dfe45:0x5dd95cc350e57be0!8m2!3d-25.2812609!4d-57.569156!16s%2Fg%2F11h_bb21x4!19sChIJRf5NvXunXZQR4HvlUMNc2V0?authuser=0&hl=es-419&rclk=1","PENDING"
"Depyless Depilación Médica Láser Centro Oficial de Soprano Titanium","Asunción","Eusebio Lillo Robles 1109 Esquina, Asunción 1813, Paraguay","595981252511","595981252511","http://www.depyless.com/","https://www.google.com/maps/place/Depyless+Depilaci%C3%B3n+M%C3%A9dica+L%C3%A1ser+Centro+Oficial+de+Soprano+Titanium/data=!4m7!3m6!1s0x945da999939a0a6b:0x788a35e2c715314c!8m2!3d-25.2874744!4d-57.5786402!16s%2Fg%2F11k5jz4zbk!19sChIJawqak5mpXZQRTDEVx-I1ing?authuser=0&hl=es-419&rclk=1","PENDING"
"Koru Estetica & Spa Paraguay","Asunción","Malutin 479, Asunción 001411, Paraguay","595982891000","595982891000","https://linktr.ee/koruesteticayspa","https://www.google.com/maps/place/Koru+Estetica+%26+Spa+Paraguay/data=!4m7!3m6!1s0x945da984a4fb9e23:0x9e82bcef4ead61d!8m2!3d-25.2907989!4d-57.5791337!16s%2Fg%2F11vktcqpg1!19sChIJI577pISpXZQRHdbq9M4r6Ak?authuser=0&hl=es-419&rclk=1","PENDING"
"Clínica De Estética Integral Beauty & Relax","Asunción","Av. Dr. Guido Boggiani 5976, Asunción 001416, Paraguay","59521604537","59521604537","","https://www.google.com/maps/place/Cl%C3%ADnica+De+Est%C3%A9tica+Integral+Beauty+%26+Relax/data=!4m7!3m6!1s0x945da8bea71e8213:0x71a61a15ff3367d2!8m2!3d-25.2996031!4d-57.5712145!16s%2Fg%2F11bwl3zg4x!19sChIJE4Iep76oXZQR0mcz_xUapnE?authuser=0&hl=es-419&rclk=1","PENDING"
"Annuva","Asunción","PC6C+4PF, Sucre, Asunción 001411, Paraguay","595991208143","595991208143","","https://www.google.com/maps/place/Annuva/data=!4m7!3m6!1s0x945da90022f3be2f:0xd8ee54bc98de0418!8m2!3d-25.2896874!4d-57.5782044!16s%2Fg%2F11yn3d2gpt!19sChIJL77zIgCpXZQRGATemLxU7tg?authuser=0&hl=es-419&rclk=1","PENDING"
"PIBA estetica y depilación","Asunción","PC3C+XQP, Av. Mariscal López, Asunción 1814, Paraguay","595994242249","595994242249","https://www.instagram.com/piba.estetica/","https://www.google.com/maps/place/PIBA+estetica+y+depilaci%C3%B3n/data=!4m7!3m6!1s0x945da96678d34de3:0xe278af219df7b1fe!8m2!3d-25.2951899!4d-57.5785654!16s%2Fg%2F11t7b9nkgz!19sChIJ403TeGapXZQR_rH3nSGveOI?authuser=0&hl=es-419&rclk=1","PENDING"
"MIMBI Beauty Spa","Asunción","Teniente Malutín 138, Asunción 001411, Paraguay","595994358209","595994358209","https://mimbibeautybar.site.agendit.com.py/","https://www.google.com/maps/place/MIMBI+Beauty+Spa/data=!4m7!3m6!1s0x945da94f609d3717:0x732f1b79d5309d9!8m2!3d-25.2935005!4d-57.5804658!16s%2Fg%2F11ltb9b9t6!19sChIJFzedYE-pXZQR2QlTnbfxMgc?authuser=0&hl=es-419&rclk=1","PENDING"
"Dra. Diana Grossling","Asunción","Eusebio Lillo Robles 1750, Asunción 1750, Paraguay","595982160036","595982160036","","https://www.google.com/maps/place/Dra.+Diana+Grossling/data=!4m7!3m6!1s0x945da8b281134121:0xb80e5e18f95fed88!8m2!3d-25.2903428!4d-57.5721832!16s%2Fg%2F11f06kv6k3!19sChIJIUETgbKoXZQRiO1f-RheDrg?authuser=0&hl=es-419&rclk=1","PENDING"
"101 Beauty Studio","Asunción","Senador Huey Pierce Long 250 Entre Guido Spano Y Andrade Asuncion, 1849, Paraguay","595976564224","595976564224","http://www.instagram.com/101beautystudio/","https://www.google.com/maps/place/101+Beauty+Studio/data=!4m7!3m6!1s0x945da90626bf189f:0xd42c3f927f8dbd45!8m2!3d-25.2930551!4d-57.5788932!16s%2Fg%2F11lgllf237!19sChIJnxi_JgapXZQRRb2Nf5I_LNQ?authuser=0&hl=es-419&rclk=1","PENDING"
"Clinica Carmelitas","Asunción","San Benigno 999 esquina, Asunción 001527, Paraguay","59521664424","59521664424","","https://www.google.com/maps/place/Clinica+Carmelitas/data=!4m7!3m6!1s0x945da61eeac82351:0x2dae6c8a85bea727!8m2!3d-25.2798964!4d-57.571696!16s%2Fg%2F11c6c8yytc!19sChIJUSPI6h6mXZQRJ6e-hYpsri0?authuser=0&hl=es-419&rclk=1","PENDING"
"Calma tu alma estética integral central","Asunción","Av. España 2031 casi, Asunción 2060, Paraguay","595983444427","595983444427","http://www.facebook.com/calmatualmaspa","https://www.google.com/maps/place/Calma+tu+alma+est%C3%A9tica+integral+central/data=!4m7!3m6!1s0x945da7db6d4f1fd3:0x5b39ebafe80b6491!8m2!3d-25.2879066!4d-57.601607!16s%2Fg%2F11f2wm91qb!19sChIJ0x9PbdunXZQRkWQL6K_rOVs?authuser=0&hl=es-419&rclk=1","PENDING"
"Lumina Clínica Estética","Asunción","América 200, Asunción 001207, Paraguay","595985625008","595985625008","","https://www.google.com/maps/place/Lumina+Cl%C3%ADnica+Est%C3%A9tica/data=!4m7!3m6!1s0x945da9003c73257b:0x267fefa195f043fa!8m2!3d-25.290895!4d-57.5975629!16s%2Fg%2F11y8srgc71!19sChIJeyVzPACpXZQR-kPwlaHvfyY?authuser=0&hl=es-419&rclk=1","PENDING"
"BELDAD salón & spa boutique","Asunción","PC93+49Q, Sgto. José León Gauto, Asunción 001207, Paraguay","595992248612","595992248612","","https://www.google.com/maps/place/BELDAD+sal%C3%B3n+%26+spa+boutique/data=!4m7!3m6!1s0x945da790a4d2fc6f:0x1d79b0dcb6434f81!8m2!3d-25.2821604!4d-57.5965058!16s%2Fg%2F11td87_sht!19sChIJb_zSpJCnXZQRgU9DttyweR0?authuser=0&hl=es-419&rclk=1","PENDING"
"Edith Pfannl Boutique de Belleza","Asunción","Ayala Velazquez 597, Asunción 001208, Paraguay","595976208223","595976208223","https://linktr.ee/edithpfannlbeautyshop","https://www.google.com/maps/place/Edith+Pfannl+Boutique+de+Belleza/data=!4m7!3m6!1s0x945da7d12efb7333:0xf8cfc78a533a0324!8m2!3d-25.2866054!4d-57.6065907!16s%2Fg%2F1tlqr1w_!19sChIJM3P7LtGnXZQRJAM6U4rHz_g?authuser=0&hl=es-419&rclk=1","PENDING"
"Prima Piel Estética","Asunción","Ayala Velazquez 591, Asunción 001208, Paraguay","595991700350","595991700350","","https://www.google.com/maps/place/Prima+Piel+Est%C3%A9tica/data=!4m7!3m6!1s0x945da7d13ce4be6f:0xe236355cf10d26a7!8m2!3d-25.2868181!4d-57.606622!16s%2Fg%2F11f1kdh67m!19sChIJb77kPNGnXZQRpyYN8Vw1NuI?authuser=0&hl=es-419&rclk=1","PENDING"
"Centro de Belleza Jovita","Asunción","República de Siria 480-407, Asunción 001208, Paraguay","595981788845","595981788845","https://wa.me/595981788845","https://www.google.com/maps/place/Centro+de+Belleza+Jovita/data=!4m7!3m6!1s0x945da7a7f8326417:0x9ba9cfe65872268f!8m2!3d-25.2853114!4d-57.6052153!16s%2Fg%2F11y3n89r0p!19sChIJF2Qy-KenXZQRjyZyWObPqZs?authuser=0&hl=es-419&rclk=1","PENDING"
"Vida Estética","Asunción","Av. Venezuela 573, Asunción 001207, Paraguay","595972704040","595972704040","http://www.vidaestetica.com.py/","https://www.google.com/maps/place/Vida+Est%C3%A9tica/data=!4m7!3m6!1s0x945da62bb249abb1:0xb9a01e4856882076!8m2!3d-25.2865581!4d-57.5954284!16s%2Fg%2F11hcf1tp92!19sChIJsatJsiumXZQRdiCIVkgeoLk?authuser=0&hl=es-419&rclk=1","PENDING"
"Halo Spa & Nails","Asunción","Av. Brasilia 772, Asunción 1431, Paraguay","595986608014","595986608014","https://www.instagram.com/halospa.nails?igsh=bWRpc3hwNXZrOXo4","https://www.google.com/maps/place/Halo+Spa+%26+Nails/data=!4m7!3m6!1s0x945da7d7e384cf95:0xf38083471c17cef2!8m2!3d-25.2845217!4d-57.6014433!16s%2Fg%2F11w8p0xzcf!19sChIJlc-E49enXZQR8s4XHEeDgPM?authuser=0&hl=es-419&rclk=1","PENDING"
"Rossie Beauty Center – Nails Express Sucursal España","Asunción","Av. España 2062, Asunción 1204, Paraguay","595981673034","595981673034","https://www.facebook.com/nailsexpresspy","https://www.google.com/maps/place/Rossie+Beauty+Center+%E2%80%93+Nails+Express+Sucursal+Espa%C3%B1a/data=!4m7!3m6!1s0x945da7a4a67418bb:0x6c58dc749682de32!8m2!3d-25.2879245!4d-57.5999547!16s%2Fg%2F11ghlt9xrk!19sChIJuxh0pqSnXZQRMt6ClnTcWGw?authuser=0&hl=es-419&rclk=1","PENDING"
"Epem Medicina Estética Asunción","Asunción","San Francisco 484 casi, Asunción 001208, Paraguay","595212371100","595212371100","https://www.grupoepem.com.py/medicina-estetica","https://www.google.com/maps/place/Epem+Medicina+Est%C3%A9tica+Asunci%C3%B3n/data=!4m7!3m6!1s0x945da959b9e65957:0xc746d4a3284e072b!8m2!3d-25.2888015!4d-57.6033642!16s%2Fg%2F11yfkzxvxx!19sChIJV1nmuVmpXZQRKwdOKKPURsc?authuser=0&hl=es-419&rclk=1","PENDING"
"VALBETH Depilación Y Belleza","Asunción","P98W+9XX, Patria & San Francisco, Asunción, Paraguay","595981000041","595981000041","","https://www.google.com/maps/place/VALBETH+Depilaci%C3%B3n+Y+Belleza/data=!4m7!3m6!1s0x945da7d3b0b21569:0xfc48a77808560384!8m2!3d-25.2840152!4d-57.6025071!16s%2Fg%2F11fz8fb2jq!19sChIJaRWysNOnXZQRhANWCHinSPw?authuser=0&hl=es-419&rclk=1","PENDING"
"Beauty lab By SM","Asunción","San Francisco &, Patria, Asunción, Paraguay","595981160909","595981160909","","https://www.google.com/maps/place/Beauty+lab+By+SM/data=!4m7!3m6!1s0x945da71aa1ad6ac7:0xe54ddb1fa7b61329!8m2!3d-25.2838133!4d-57.6025667!16s%2Fg%2F11tt2x740q!19sChIJx2qtoRqnXZQRKRO2px_bTeU?authuser=0&hl=es-419&rclk=1","PENDING"
"Mercedes Beauty Center","Asunción","PC2V+PP7, Asunción 001406, Paraguay","595986514411","595986514411","https://www.instagram.com/mercedesbeautycenter/","https://www.google.com/maps/place/Mercedes+Beauty+Center/data=!4m7!3m6!1s0x945da9a17f5cadb1:0x24edebb4e296923d!8m2!3d-25.2982187!4d-57.5557111!16s%2Fg%2F11s3xvmbwt!19sChIJsa1cf6GpXZQRPZKW4rTr7SQ?authuser=0&hl=es-419&rclk=1","PENDING"
"Centro Médico Corppolive","Asunción","Santisimo Sacramento 3069, Asunción 001519, Paraguay","595971568547","595971568547","","https://www.google.com/maps/place/Centro+M%C3%A9dico+Corppolive/data=!4m7!3m6!1s0x945da642508e5489:0x2104bae4fc9441c4!8m2!3d-25.2553413!4d-57.5772593!16s%2Fg%2F11c604ddtt!19sChIJiVSOUEKmXZQRxEGU_OS6BCE?authuser=0&hl=es-419&rclk=1","PENDING"
"Centro Legrand - Medicina Estética","Asunción","Molas Lopez 1232, Asunción 001520, Paraguay","595985135222","595985135222","","https://www.google.com/maps/place/Centro+Legrand+-+Medicina+Est%C3%A9tica/data=!4m7!3m6!1s0x945da7fcdb07a7b1:0xffb63875c6106837!8m2!3d-25.2704166!4d-57.5721507!16s%2Fg%2F11h91yklb7!19sChIJsacH2_ynXZQRN2gQxnU4tv8?authuser=0&hl=es-419&rclk=1","PENDING"
"Galilea Estetica","Asunción","Sta. Rosa 944 c, Asunción 1411, Paraguay","595994681789","595994681789","","https://www.google.com/maps/place/Galilea+Estetica/data=!4m7!3m6!1s0x945da7b52fbb0373:0x86bf5d07b497a6ac!8m2!3d-25.2826214!4d-57.5902197!16s%2Fg%2F11nwcb7ngs!19sChIJcwO7L7WnXZQRrKaXtAddv4Y?authuser=0&hl=es-419&rclk=1","PENDING"
"AS Estética de Resultados","Asunción","Gral. José María Bruguéz 353, Asunción 001225, Paraguay","595972122099","595972122099","https://asclinicaestetica.com/","https://www.google.com/maps/place/AS+Est%C3%A9tica+de+Resultados/data=!4m7!3m6!1s0x945da9606a29fd8d:0x2cc66825bd3a5c4a!8m2!3d-25.2935498!4d-57.6159308!16s%2Fg%2F11h6ynb68w!19sChIJjf0pamCpXZQRSlw6vSVoxiw?authuser=0&hl=es-419&rclk=1","PENDING"
"Clínica Benestar","Asunción","Julio Correa 1591 esq, Asunción 001525, Paraguay","595971762600","595971762600","","https://www.google.com/maps/place/Cl%C3%ADnica+Benestar/data=!4m7!3m6!1s0x945da7a5d67ee503:0xa4ca290585f39590!8m2!3d-25.2686832!4d-57.5626729!16s%2Fg%2F11qgk9l61t!19sChIJA-V-1qWnXZQRkJXzhQUpyqQ?authuser=0&hl=es-419&rclk=1","PENDING"
"Yinde Glam","Asunción","Carlos Alberto Gómez, Asunción 001519, Paraguay","595982288191","595982288191","","https://www.google.com/maps/place/Yinde+Glam/data=!4m7!3m6!1s0x945da97b1be1b029:0xae1d0d64350dc144!8m2!3d-25.2572677!4d-57.5710717!16s%2Fg%2F11gxtl_fdt!19sChIJKbDhG3upXZQRRMENNWQNHa4?authuser=0&hl=es-419&rclk=1","PENDING"
"Centro estético Dermabell","Asunción","Olegario Víctor Andrade esquina, Asunción 001408, Paraguay","595992222333","595992222333","","https://www.google.com/maps/place/Centro+est%C3%A9tico+Dermabell/data=!4m7!3m6!1s0x945da9863e091c0f:0xbc189478fbcb9d7e!8m2!3d-25.2959084!4d-57.5712506!16s%2Fg%2F11sjvnmx2g!19sChIJDxwJPoapXZQRfp3L-3iUGLw?authuser=0&hl=es-419&rclk=1","PENDING"
"EstetiCare","Asunción","Pitiantuta, &, Asunción, Paraguay","595971264525","595971264525","","https://www.google.com/maps/place/EstetiCare/data=!4m7!3m6!1s0x945da7cf2b65de0f:0x431a3fa7e56f6888!8m2!3d-25.276918!4d-57.6072058!16s%2Fg%2F11d_x35y0s!19sChIJD95lK8-nXZQRiGhv5ac_GkM?authuser=0&hl=es-419&rclk=1","PENDING"
"Clínica Lumière","Asunción","Dr. José Gómez Brizuela 1436, Asunción 001525, Paraguay","595982051953","595982051953","","https://www.google.com/maps/place/Cl%C3%ADnica+Lumi%C3%A8re/data=!4m7!3m6!1s0x945da9ce23f50171:0xe1a9081292882257!8m2!3d-25.2645807!4d-57.5574031!16s%2Fg%2F11m9r5fqy1!19sChIJcQH1I86pXZQRVyKIkhIIqeE?authuser=0&hl=es-419&rclk=1","PENDING"
"Sinaí Dermo Radiance","Asunción","Av. Brasilia 1015, Asunción 1015, Paraguay","595974455435","595974455435","https://linktr.ee/sinaidermoradiance","https://www.google.com/maps/place/Sina%C3%AD+Dermo+Radiance/data=!4m7!3m6!1s0x945da7729e10d4c9:0x8d1bf23876f30db6!8m2!3d-25.2793693!4d-57.6004257!16s%2Fg%2F11p5qfnmbl!19sChIJydQQnnKnXZQRtg3zdjjyG40?authuser=0&hl=es-419&rclk=1","PENDING"
"Dermadue. Dermatología clínica, quirúrgica y estética.Oncología cutánea y cirugía de mohs.","Asunción","Dr. Felipe Molas Lopez 2250 e/ Ingeniero John Whytehead y granada, Asunción, Paraguay","595981183188","595981183188","","https://www.google.com/maps/place/Dermadue.+Dermatolog%C3%ADa+cl%C3%ADnica,+quir%C3%BArgica+y+est%C3%A9tica.Oncolog%C3%ADa+cut%C3%A1nea+y+cirug%C3%ADa+de+mohs./data=!4m7!3m6!1s0x945da71523ebf26b:0xc0bac43aa7efb3e0!8m2!3d-25.2590555!4d-57.5826184!16s%2Fg%2F11j8zd6s3_!19sChIJa_LrIxWnXZQR4LPvpzrEusA?authuser=0&hl=es-419&rclk=1","PENDING"
"Nutrifit Spa y Belleza Los Laureles","Asunción","Teresa Lamas Carísimo 5842 casi, Asunción 001420, Paraguay","595981100018","595981100018","","https://www.google.com/maps/place/Nutrifit+Spa+y+Belleza+Los+Laureles/data=!4m7!3m6!1s0x945da9f882b70d6f:0x4fa3e6c8718dcc23!8m2!3d-25.3123674!4d-57.5792976!16s%2Fg%2F11t0w5n5dz!19sChIJbw23gvipXZQRI8yNccjmo08?authuser=0&hl=es-419&rclk=1","PENDING"
"Carolina Zarate Spa Boutique","Asunción","Mariscal Antonio Jose Sucre, Asunción 001411, Paraguay","595981800788","595981800788","https://www.instagram.com/carolinazaratespa/","https://www.google.com/maps/place/Carolina+Zarate+Spa+Boutique/data=!4m7!3m6!1s0x945da8a21af9d65f:0x47e8f060081ce88d!8m2!3d-25.2905983!4d-57.5749821!16s%2Fg%2F11b6g93pnt!19sChIJX9b5GqKoXZQRjegcCGDw6Ec?authuser=0&hl=es-419&rclk=1","PENDING"
"Andessa Beauty Spa","Asunción","Moisés Bertoni 2829, Asunción 1234, Paraguay","595972117210","595972117210","","https://www.google.com/maps/place/Andessa+Beauty+Spa/data=!4m7!3m6!1s0x945da9007519edf9:0x30e6d04afc14ba66!8m2!3d-25.2982342!4d-57.5615258!16s%2Fg%2F11lyjw79d6!19sChIJ-e0ZdQCpXZQRZroU_ErQ5jA?authuser=0&hl=es-419&rclk=1","PENDING"
"Cielo y Tierra Spa","Asunción","Dr. Carlos Centurion 353 c, Asunción 001232, Paraguay","595981240484","595981240484","https://www.cieloytierra.com.py/","https://www.google.com/maps/place/Cielo+y+Tierra+Spa/data=!4m7!3m6!1s0x945da90231316fb1:0x9681d86f24770c47!8m2!3d-25.3117346!4d-57.59766!16s%2Fg%2F11srrny8vd!19sChIJsW8xMQKpXZQRRwx3JG_YgZY?authuser=0&hl=es-419&rclk=1","PENDING"
"Beauty & Spa Body Line","Asunción","Cedro 1168 casi Pilar Asunción, Cedro 1168, Asunción 1911, Paraguay","59521551797","59521551797","https://www.facebook.com/bodylinebeutyspa/","https://www.google.com/maps/place/Beauty+%26+Spa+Body+Line/data=!4m7!3m6!1s0x945da8fa269b4a59:0xaf0e4863499c03af!8m2!3d-25.3221761!4d-57.5926049!16s%2Fg%2F11f3cv3f4t!19sChIJWUqbJvqoXZQRrwOcSWNIDq8?authuser=0&hl=es-419&rclk=1","PENDING"
"Acqua Dolce Spa","Asunción","Tacuary 1334 e/ 1ra. y 2da. Proyectada, Tacuary 1334, Asunción, Paraguay","595961281515","595961281515","","https://www.google.com/maps/place/Acqua+Dolce+Spa/data=!4m7!3m6!1s0x945da7fc8e1546e1:0x73708b6ae1ae1c52!8m2!3d-25.295013!4d-57.6349107!16s%2Fg%2F11byl6pnts!19sChIJ4UYVjvynXZQRUhyu4WqLcHM?authuser=0&hl=es-419&rclk=1","PENDING"
"Amaran Estética","Asunción","Cuartel de la Rivera 4926, Asunción 001414, Paraguay","595992330183","595992330183","","https://www.google.com/maps/place/Amaran+Est%C3%A9tica/data=!4m7!3m6!1s0x945da9fa42ec44f3:0x2a63b5958c8edf28!8m2!3d-25.3031681!4d-57.5872896!16s%2Fg%2F11qq8bsyj8!19sChIJ80TsQvqpXZQRKN-OjJW1Yyo?authuser=0&hl=es-419&rclk=1","PENDING"
"Amano Spa","Asunción","Federación Rusa 1215, Asunción 001527, Paraguay","595981714783","595981714783","https://www.instagram.com/amanospa.py/","https://www.google.com/maps/place/Amano+Spa/data=!4m7!3m6!1s0x945da89faed28fd3:0xf0b344f9eebe96c8!8m2!3d-25.2795764!4d-57.5722101!16s%2Fg%2F113d_75y_!19sChIJ04_Srp-oXZQRyJa-7vlEs_A?authuser=0&hl=es-419&rclk=1","PENDING"
"Mudraa Spa Py","Asunción","Carmen Soler 3640 c, Asunción 0000, Paraguay","595971186989","595971186989","https://www.instagram.com/mudraa.py/","https://www.google.com/maps/place/Mudraa+Spa+Py/data=!4m7!3m6!1s0x945da9470a5af0eb:0xcb46b3a962ded07e!8m2!3d-25.2987219!4d-57.6004613!16s%2Fg%2F11k4jnkbc1!19sChIJ6_BaCkepXZQRftDeYqmzRss?authuser=0&hl=es-419&rclk=1","PENDING"
"Bella Pelle","Asunción","Av. Médicos del Chaco 2312, Asunción 110711, Paraguay","595991728094","595991728094","https://www.facebook.com/bellapellepy","https://www.google.com/maps/place/Bella+Pelle/data=!4m7!3m6!1s0x945da9a4ce6cef3d:0x4e9c6bcea966404b!8m2!3d-25.3307108!4d-57.606618!16s%2Fg%2F11f7r2z1cv!19sChIJPe9szqSpXZQRS0Bmqc5rnE4?authuser=0&hl=es-419&rclk=1","PENDING"
"Calle 11 Spa Urbano - Mburucuya","Asunción","Padre José Félix González, Asunción 001531, Paraguay","595974968585","595974968585","http://www.calle11.net/","https://www.google.com/maps/place/Calle+11+Spa+Urbano+-+Mburucuya/data=!4m7!3m6!1s0x945da63e277893c1:0x51a64b209b6a2e14!8m2!3d-25.267154!4d-57.5760357!16s%2Fg%2F1tfv66hf!19sChIJwZN4Jz6mXZQRFC5qmyBLplE?authuser=0&hl=es-419&rclk=1","PENDING"
"Spa Nilza Rinaldi","Asunción","Federación Rusa, Asunción 001528, Paraguay","59521661488","59521661488","","https://www.google.com/maps/place/Spa+Nilza+Rinaldi/data=!4m7!3m6!1s0x945da61ed961aae3:0xb6e508a04bc005d5!8m2!3d-25.2796912!4d-57.5727488!16s%2Fg%2F11d_8m3h08!19sChIJ46ph2R6mXZQR1QXAS6AI5bY?authuser=0&hl=es-419&rclk=1","PENDING"
"Nala Medicina Estética","Asunción","Paraguay 1666, S2000 Rosario, Santa Fe","03413567970","03413567970","","https://www.google.com/maps/place/Nala+Medicina+Est%C3%A9tica/data=!4m7!3m6!1s0x95b7ab5525cdbbf5:0x84af226e75dd07f6!8m2!3d-32.9558281!4d-60.646445!16s%2Fg%2F11jb52r75t!19sChIJ9bvNJVWrt5UR9gfddW4ir4Q?authuser=0&hl=es-419&rclk=1","PENDING"
"BL DermoEstética","Asunción","Avenue Dr. Luis Maria Argaña 246 c, Asunción 001303, Paraguay","595961845409","595961845409","https://facebook.com/bldermoestetica","https://www.google.com/maps/place/BL+DermoEst%C3%A9tica/data=!4m7!3m6!1s0x945da831280ddf75:0x1d237edb9fb0a3db!8m2!3d-25.3310263!4d-57.6262753!16s%2Fg%2F11csqvpb4d!19sChIJdd8NKDGoXZQR26Own9t-Ix0?authuser=0&hl=es-419&rclk=1","PENDING"
"BL DermoEstética","Asunción","Dra. Serafina Dávalos, Asunción 1876, Paraguay","595975900550","595975900550","https://www.instagram.com/bldermoestetica?igsh=MTI2bGszajhhdGU4dg==","https://www.google.com/maps/place/BL+DermoEst%C3%A9tica/data=!4m7!3m6!1s0x945da94bca761edf:0x4871e368a038638e!8m2!3d-25.31316!4d-57.5799964!16s%2Fg%2F11h0cct86x!19sChIJ3x52ykupXZQRjmM4oGjjcUg?authuser=0&hl=es-419&rclk=1","PENDING"
"Fisiolution Paraguay","Asunción","Simón Bolívar N° 851, entre Parapiti y, Asunción, Paraguay","595981095546","595981095546","","https://www.google.com/maps/place/Fisiolution+Paraguay/data=!4m7!3m6!1s0x945da7f5d5e4f859:0x57cb1cc205d2ee54!8m2!3d-25.2947777!4d-57.6339315!16s%2Fg%2F11fr48kjwj!19sChIJWfjk1fWnXZQRVO7SBcIcy1c?authuser=0&hl=es-419&rclk=1","PENDING"
"La Casa Depelle","Asunción","Gonzalo Bulnes 677, Asunción 001411, Paraguay","595984731000","595984731000","https://depelle.com.py/","https://www.google.com/maps/place/La+Casa+Depelle/data=!4m7!3m6!1s0x945da980252b2a69:0xa8ff4891da76e991!8m2!3d-25.28839!4d-57.5792502!16s%2Fg%2F11szb_4fn2!19sChIJaSorJYCpXZQRkel22pFI_6g?authuser=0&hl=es-419&rclk=1","PENDING"
"Estética Gloria Benitez","Asunción","Ri 3 Corrales 4195 c, Asunción 1001, Paraguay","595972459040","595972459040","","https://www.google.com/maps/place/Est%C3%A9tica+Gloria+Benitez/data=!4m7!3m6!1s0x945da92fdd951961:0xd8b7c03f21bf3583!8m2!3d-25.3149406!4d-57.5778812!16s%2Fg%2F11nw_xrzv9!19sChIJYRmV3S-pXZQRgzW_IT_At9g?authuser=0&hl=es-419&rclk=1","PENDING"
"Sempre Bela Fisio Estética","Asunción","Asunción 001522, Paraguay","595986663434","595986663434","","https://www.google.com/maps/place/Sempre+Bela+Fisio+Est%C3%A9tica/data=!4m7!3m6!1s0x945da79539b8395f:0x21a33b1003fe4571!8m2!3d-25.2611875!4d-57.5564375!16s%2Fg%2F11h57xwg19!19sChIJXzm4OZWnXZQRcUX-AxA7oyE?authuser=0&hl=es-419&rclk=1","PENDING"
"Beauty Life Stetic","Asunción","R.I. 5 Gral. Díaz casi, Asunción 001416, Paraguay","595984377070","595984377070","","https://www.google.com/maps/place/Beauty+Life+Stetic/data=!4m7!3m6!1s0x945da9907fa71b5b:0x60ff7721c76fea13!8m2!3d-25.300413!4d-57.5681615!16s%2Fg%2F11ldkhg5z7!19sChIJWxunf5CpXZQRE-pvxyF3_2A?authuser=0&hl=es-419&rclk=1","PENDING"
"Hygge","Asunción","R.I. 5 Gral. Díaz, Asunción 001416, Paraguay","595992425597","595992425597","","https://www.google.com/maps/place/Hygge/data=!4m7!3m6!1s0x945da940f15f1acf:0xd3161df5a2f2e9b6!8m2!3d-25.3002073!4d-57.5742041!16s%2Fg%2F11j0rh7qd3!19sChIJzxpf8UCpXZQRtunyovUdFtM?authuser=0&hl=es-419&rclk=1","PENDING"
"Thaya Clínic Spa","Asunción","Aca Caraya 519, Asunción 001229, Paraguay","595984487584","595984487584","","https://www.google.com/maps/place/Thaya+Cl%C3%ADnic+Spa/data=!4m7!3m6!1s0x945da92c6aa21cf7:0x35f9ed9f8176e16b!8m2!3d-25.2966366!4d-57.6020713!16s%2Fg%2F11tcfgr47c!19sChIJ9xyiaiypXZQRa-F2gZ_t-TU?authuser=0&hl=es-419&rclk=1","PENDING"
"Delineado Permanente","Ciudad de México","C. Viveros de Atizapán 74 Col, Hab Viveros de la Loma, 54080 Tlalnepantla, Méx., México","525559064330","525559064330","http://www.delineadopermanente.info/","https://www.google.com/maps/place/Delineado+Permanente/data=!4m7!3m6!1s0x85d1f7d5acdc95bd:0x3bdcbb23a244b4bc!8m2!3d19.522683!4d-99.22087!16s%2Fg%2F1ptw_j5yb!19sChIJvZXcrNX30YURvLREoiO73Ds?authuser=0&hl=es-419&rclk=1","PENDING"
"Novopiel Nápoles","Ciudad de México","San Antonio 88-Local A, Cd. de los Deportes, Benito Juárez, 03710 Ciudad de México, CDMX, México","525528750999","525528750999","http://www.novopiel.net/","https://www.google.com/maps/place/Novopiel+N%C3%A1poles/data=!4m7!3m6!1s0x85d1ff6d15789603:0x19577509e66827fd!8m2!3d19.385537!4d-99.177578!16s%2Fg%2F11np6qqbyh!19sChIJA5Z4FW3_0YUR_Sdo5gl1Vxk?authuser=0&hl=es-419&rclk=1","PENDING"
"BALMORI CENTER - Clínica de Medicina Estética y regenerativa","Ciudad de México","Av. Ejército Nacional Mexicano 700-Piso 5, Polanco, Polanco III Secc, Miguel Hidalgo, 11540 Ciudad de México, CDMX, México","525543715660","525543715660","http://balmoricenter.com/","https://www.google.com/maps/place/BALMORI+CENTER+-+Cl%C3%ADnica+de+Medicina+Est%C3%A9tica+y+regenerativa/data=!4m7!3m6!1s0x85d2034407d1c61d:0x18f4e851fc6bf3b5!8m2!3d19.437916!4d-99.197636!16s%2Fg%2F11j9cjsg8x!19sChIJHcbRB0QD0oURtfNr_FHo9Bg?authuser=0&hl=es-419&rclk=1","PENDING"
"Medical Glamour Polanco","Ciudad de México","Av Moliere 107-2do piso, Polanco, Polanco III Secc, Miguel Hidalgo, 11560 Ciudad de México, CDMX, México","525527634703","525527634703","https://medicalglamourpolanco.com/","https://www.google.com/maps/place/Medical+Glamour+Polanco/data=!4m7!3m6!1s0x85d2035306ad97d3:0x68500533f8a51cbd!8m2!3d19.4333043!4d-99.2014823!16s%2Fg%2F11tcxrvn2m!19sChIJ05etBlMD0oURvRyl-DMFUGg?authuser=0&hl=es-419&rclk=1","PENDING"
"Clínica Aurus Polanco","Ciudad de México","Av. Horacio 124-Interior 801, Polanco, Polanco V Secc, Miguel Hidalgo, 11560 Ciudad de México, CDMX, México","525511483114","525511483114","https://www.clinica-aurus.com/","https://www.google.com/maps/place/Cl%C3%ADnica+Aurus+Polanco/data=!4m7!3m6!1s0x85d1f9dc0521b73b:0x11e1d9fba10dd394!8m2!3d19.4327862!4d-99.1826681!16s%2Fg%2F11n172csf8!19sChIJO7chBdz50YURlNMNofvZ4RE?authuser=0&hl=es-419&rclk=1","PENDING"
"Dra. Lizaveta","Ciudad de México","Lamartine 156, Chapultepec Morales, Polanco V Secc, Miguel Hidalgo, 11560 Ciudad de México, CDMX, México","525585581425","525585581425","https://www.instagram.com/dra.lizaveta","https://www.google.com/maps/place/Dra.+Lizaveta/data=!4m7!3m6!1s0x85d1f90034448203:0x5689eb2d5fdd8063!8m2!3d19.4358666!4d-99.1895156!16s%2Fg%2F11wpphsfty!19sChIJA4JENAD50YURY4DdXy3riVY?authuser=0&hl=es-419&rclk=1","PENDING"
"Get Spa Polanco","Ciudad de México","Entrada por Emerson, Av. Homero 440-PB-Local4, Polanco, Miguel Hidalgo, 11560 Ciudad de México, CDMX, México","525552548964","525552548964","http://gettspa.com/","https://www.google.com/maps/place/Get+Spa+Polanco/data=!4m7!3m6!1s0x85d1ff56e12b1e4b:0x22442c197e623672!8m2!3d19.4351115!4d-99.1887036!16s%2Fg%2F11lm1ffwk7!19sChIJSx4r4Vb_0YURcjZifhksRCI?authuser=0&hl=es-419&rclk=1","PENDING"
"BeautyFull Medicina Estetica","Ciudad de México","Av Moliere 310, Polanco, Polanco II Secc, Miguel Hidalgo, 11530 Polanco, CDMX, México","525516291792","525516291792","","https://www.google.com/maps/place/BeautyFull+Medicina+Estetica/data=!4m7!3m6!1s0x85d2036fe73502cf:0x2f2f40c38b9b0ae8!8m2!3d19.4367036!4d-99.2016726!16s%2Fg%2F11t0ndr9mc!19sChIJzwI1528D0oUR6Aqbi8NALy8?authuser=0&hl=es-419&rclk=1","PENDING"
"De León Medicina Estética","Ciudad de México","Av. Homero 1339, Polanco, Polanco II Secc, Miguel Hidalgo, 11550 Ciudad de México, CDMX, México","525511494043","525511494043","","https://www.google.com/maps/place/De+Le%C3%B3n+Medicina+Est%C3%A9tica/data=!4m7!3m6!1s0x85d203582d9c04a7:0xf7811fab8b1239e6!8m2!3d19.4363359!4d-99.2029631!16s%2Fg%2F11gw2m_x63!19sChIJpwScLVgD0oUR5jkSi6sfgfc?authuser=0&hl=es-419&rclk=1","PENDING"
"Beauty Concept Clinic","Ciudad de México","Av Moliere 13-11B, Polanco, Polanco III Secc, Miguel Hidalgo, 11540 Ciudad de México, CDMX, México","525549160472","525549160472","http://beautyconceptclinic.com/","https://www.google.com/maps/place/Beauty+Concept+Clinic/data=!4m7!3m6!1s0x85d1ff24c93a63cf:0xe79b73c36875a7f8!8m2!3d19.4298647!4d-99.2025775!16s%2Fg%2F11hyjmn47p!19sChIJz2M6yST_0YUR-Kd1aMNzm-c?authuser=0&hl=es-419&rclk=1","PENDING"
"Novopiel Polanco","Ciudad de México","Anatole France 139, Polanco, Polanco III Secc, Miguel Hidalgo, 11560 Ciudad de México, CDMX, México","525550386203","525550386203","http://www.novopiel.net/","https://www.google.com/maps/place/Novopiel+Polanco/data=!4m7!3m6!1s0x85d2035fa51004f5:0x783e2c40dfb57048!8m2!3d19.432926!4d-99.197299!16s%2Fg%2F11lgm7rv7g!19sChIJ9QQQpV8D0oURSHC130AsPng?authuser=0&hl=es-419&rclk=1","PENDING"
"FI Salon","Ciudad de México","Barcelona 3-Local H, Juárez, Cuauhtémoc, 06600 Cuauhtémoc, CDMX, México","525565108151","525565108151","","https://www.google.com/maps/place/FI+Salon/data=!4m7!3m6!1s0x85d1ff2e5fd48825:0x75ee386aefe493dc!8m2!3d19.427785!4d-99.153204!16s%2Fg%2F11ygj8vx2j!19sChIJJYjUXy7_0YUR3JPk72o47nU?authuser=0&hl=es-419&rclk=1","PENDING"
"SPA CONDESA AESTHETICS","Ciudad de México","Tlaxcala 151, Roma Sur, Cuauhtémoc, 06100 Ciudad de México, CDMX, México","525621522481","525621522481","https://www.instagram.com/spacondesa.aesthetics?igsh=MTBjdHQ0Z3JmbTJnZw==&utm_source=qr","https://www.google.com/maps/place/SPA+CONDESA+AESTHETICS/data=!4m7!3m6!1s0x85d1ff286c4aef77:0x1a1f93da39c13c6a!8m2!3d19.4070658!4d-99.1686199!16s%2Fg%2F11krlzb0_0!19sChIJd-9KbCj_0YURajzBOdqTHxo?authuser=0&hl=es-419&rclk=1","PENDING"
"Nemiia Spa & Clinic Condesa","Ciudad de México","Calle Parral 78 Bis-piso 6, Colonia Condesa, Cuauhtémoc, 06140 Ciudad de México, CDMX, México","525543560913","525543560913","https://www.nemiiaspa.com/nemiia-spa","https://www.google.com/maps/place/Nemiia+Spa+%26+Clinic+Condesa/data=!4m7!3m6!1s0x85d1ffa4d6e02dbf:0x7b7cfebf5432e39f!8m2!3d19.4117124!4d-99.1744741!16s%2Fg%2F11pdlxfbrl!19sChIJvy3g1qT_0YURn-MyVL_-fHs?authuser=0&hl=es-419&rclk=1","PENDING"
"Dr. Victor Rangel – Medicina Estética","Ciudad de México","C. de Pachuca 82, Colonia Condesa, Cuauhtémoc, 06140 Ciudad de México, CDMX, México","525549070457","525549070457","https://wa.me/525549070457","https://www.google.com/maps/place/Dr.+Victor+Rangel+%E2%80%93+Medicina+Est%C3%A9tica/data=!4m7!3m6!1s0x85d1ffae7d823e03:0x500c382226bc01dc!8m2!3d19.415558!4d-99.1773226!16s%2Fg%2F11y0q6wts6!19sChIJAz6Cfa7_0YUR3AG8JiI4DFA?authuser=0&hl=es-419&rclk=1","PENDING"
"Dra. Arlen Alvarez - Medicina Estética CDMX","Ciudad de México","Av Michoacán 9-interior 503, Hipódromo, Cuauhtémoc, 06100 Ciudad de México, CDMX, México","525579862748","525579862748","https://drarlenalvarez.com/","https://www.google.com/maps/place/Dra.+Arlen+Alvarez+-+Medicina+Est%C3%A9tica+CDMX/data=!4m7!3m6!1s0x85d1ff0f6cf26bb5:0x3fe1974cb1c998cd!8m2!3d19.4108563!4d-99.1675193!16s%2Fg%2F11x8hkd1sb!19sChIJtWvybA__0YURzZjJsUyX4T8?authuser=0&hl=es-419&rclk=1","PENDING"
"AESTHETIC DOCTORS - (Botox, Hialurónico, Sculptra, VENUS, Bioestimulación, Enzimas & más..)","Ciudad de México","Tabasco 337, Roma Nte., Cuauhtémoc, 06700 Ciudad de México, CDMX, México","525522975532","525522975532","https://aestheticdoctorsmexico.com/","https://www.google.com/maps/place/AESTHETIC+DOCTORS+-+%28Botox,+Hialur%C3%B3nico,+Sculptra,+VENUS,+Bioestimulaci%C3%B3n,+Enzimas+%26+m%C3%A1s..%29/data=!4m7!3m6!1s0x85d1fff40f8d38f1:0xca9a8e1023a5fae0!8m2!3d19.4175446!4d-99.1681681!16s%2Fg%2F11fq_6lp3_!19sChIJ8TiND_T_0YUR4PqlIxCOmso?authuser=0&hl=es-419&rclk=1","PENDING"
"GLOW AESTHETIC CENTER , (Botox,ácido hialurónico, Bioestimuladores,Exosomas, Sueroterapia,implante de placenta)","Ciudad de México","Campeche 430-Colsultorio 3, Hipódromo Condesa, Cuauhtémoc, 06100 Ciudad de México, CDMX, México","525612783887","525612783887","https://glowaestheticcenter.mx/","https://www.google.com/maps/place/GLOW+AESTHETIC+CENTER+,+%28Botox,%C3%A1cido+hialur%C3%B3nico,+Bioestimuladores,Exosomas,+Sueroterapia,implante+de+placenta%29/data=!4m7!3m6!1s0x85d1ffc95d48993b:0x92bee27c8f555b34!8m2!3d19.4107715!4d-99.1770006!16s%2Fg%2F11wn6qzbpm!19sChIJO5lIXcn_0YURNFtVj3zivpI?authuser=0&hl=es-419&rclk=1","PENDING"
"María Linda Patriotismo - Dermatología y Medicina Estética","Ciudad de México","Av. Patriotismo 670, Mixcoac, Benito Juárez, 03730 Ciudad de México, CDMX, México","525513283833","525513283833","https://marialinda.mx/?utm_source=Organic&utm_medium=GMB&utm_campaign=GMB","https://www.google.com/maps/place/Mar%C3%ADa+Linda+Patriotismo+-+Dermatolog%C3%ADa+y+Medicina+Est%C3%A9tica/data=!4m7!3m6!1s0x85d1ff3354df7d81:0xf4b0b6bc641548a8!8m2!3d19.380241!4d-99.184857!16s%2Fg%2F11ry0by2zs!19sChIJgX3fVDP_0YURqEgVZLy2sPQ?authuser=0&hl=es-419&rclk=1","PENDING"
"Body Clinic Roma","Ciudad de México","Mérida 175, Roma Nte., Cuauhtémoc, 06700 Ciudad de México, CDMX, México","525530541498","525530541498","http://bodyclinicroma.com/","https://www.google.com/maps/place/Body+Clinic+Roma/data=!4m7!3m6!1s0x85d1ff055fe120d9:0x83d63b5082f4292f!8m2!3d19.4156919!4d-99.1567828!16s%2Fg%2F11hds0dysd!19sChIJ2SDhXwX_0YURLyn0glA71oM?authuser=0&hl=es-419&rclk=1","PENDING"
"Alta Especialidad Médica Roma CÓRDOBA 23","Ciudad de México","Córdoba 23, Roma Nte., Cuauhtémoc, 06700 Ciudad de México, CDMX, México","525556119889","525556119889","https://altaespecialidadmedica.com/","https://www.google.com/maps/place/Alta+Especialidad+M%C3%A9dica+Roma+C%C3%93RDOBA+23/data=!4m7!3m6!1s0x85d1ff9cdc124385:0xb694e70f75f43a20!8m2!3d19.4232771!4d-99.1599895!16s%2Fg%2F11hdsxr95v!19sChIJhUMS3Jz_0YURIDr0dQ_nlLY?authuser=0&hl=es-419&rclk=1","PENDING"
"Eternal Glow CDMX Roma Norte (English speaking) - Botox | Hilos PDO | Sculptra | Fillers & more","Ciudad de México","Valladolid 56, Roma Nte., Cuauhtémoc, 06700 Ciudad de México, CDMX, México","525554049467","525554049467","https://eternalglow.com.mx/","https://www.google.com/maps/place/Eternal+Glow+CDMX+Roma+Norte+%28English+speaking%29+-+Botox+%7C+Hilos+PDO+%7C+Sculptra+%7C+Fillers+%26+more/data=!4m7!3m6!1s0x85d1ff47d870b44b:0x80b5e92ad8986eb0!8m2!3d19.4200327!4d-99.1681248!16s%2Fg%2F11vzcm6svm!19sChIJS7Rw2Ef_0YURsG6Y2CrptYA?authuser=0&hl=es-419&rclk=1","PENDING"
"Tina Medicina Estética","Ciudad de México","C.Colima 385, Roma Nte., Cuauhtémoc, 06700 Ciudad de México, CDMX, México","525535474281","525535474281","https://tinamedicinaestetica.com/","https://www.google.com/maps/place/Tina+Medicina+Est%C3%A9tica/data=!4m7!3m6!1s0x85d1ff47b05687d9:0x8ad7f2665c116114!8m2!3d19.4178644!4d-99.170248!16s%2Fg%2F11b603wd8l!19sChIJ2YdWsEf_0YURFGERXGby14o?authuser=0&hl=es-419&rclk=1","PENDING"
"Yuvā Medicina Estética","Ciudad de México","Mérida 255, Roma Nte., Cuauhtémoc, 06700 Ciudad de México, CDMX, México","525565438248","525565438248","","https://www.google.com/maps/place/Yuv%C4%81+Medicina+Est%C3%A9tica/data=!4m7!3m6!1s0x85d1ff75da346fd7:0x11439f6a599ec50a!8m2!3d19.411999!4d-99.1558422!16s%2Fg%2F11v5wcdjbz!19sChIJ12802nX_0YURCsWeWWqfQxE?authuser=0&hl=es-419&rclk=1","PENDING"
"Xa Spa Medic & Organic Beauty Roma Norte","Ciudad de México","C. de Chiapas 194, Roma Nte., Cuauhtémoc, 06700 Ciudad de México, CDMX, México","525519179266","525519179266","http://haspa.com.mx/","https://www.google.com/maps/place/Xa+Spa+Medic+%26+Organic+Beauty+Roma+Norte/data=!4m7!3m6!1s0x85ce0122272668a9:0x251798c8292ac940!8m2!3d19.411666!4d-99.1653892!16s%2Fg%2F11jy2kwp81!19sChIJqWgmJyIBzoURQMkqKciYFyU?authuser=0&hl=es-419&rclk=1","PENDING"
"Clínica Alex Alvarez Dermoestética y Nutrición","Ciudad de México","Avenida Álvaro Obregón 53-101. Col. Roma Nte 06700, Primer piso, Roma Nte., Cuauhtémoc, 06700 Ciudad de México, CDMX, México","525532628761","525532628761","http://www.alexalvarez.com.mx/","https://www.google.com/maps/place/Cl%C3%ADnica+Alex+Alvarez+Dermoest%C3%A9tica+y+Nutrici%C3%B3n/data=!4m7!3m6!1s0x85d1ff3985dc378f:0xd4d9844a1700425d!8m2!3d19.4190328!4d-99.157059!16s%2Fg%2F12llqjydn!19sChIJjzfchTn_0YURXUIAF0qE2dQ?authuser=0&hl=es-419&rclk=1","PENDING"
"Petiva Aesthetic Wellness Santa Fe","Ciudad de México","Av. Santa Fe 483, Lomas de Santa Fe, Santa Fe, Cuajimalpa de Morelos, 05348 Ciudad de México, CDMX, México","525552929701","525552929701","http://www.petiva.mx/","https://www.google.com/maps/place/Petiva+Aesthetic+Wellness+Santa+Fe/data=!4m7!3m6!1s0x85d2072d7d512b3d:0x1b2e99a97b3f8203!8m2!3d19.35876!4d-99.2719413!16s%2Fg%2F11fmrqmcl5!19sChIJPStRfS0H0oURA4I_e6mZLhs?authuser=0&hl=es-419&rclk=1","PENDING"
"Hedding Medical Santa Fe","Ciudad de México","Prolongación Reforma 1190 Torre A Mezzanine 303, Cruz Manca, Santa Fe, Cuajimalpa de Morelos, 05348 Ciudad de México, CDMX, México","525516646408","525516646408","","https://www.google.com/maps/place/Hedding+Medical+Santa+Fe/data=!4m7!3m6!1s0x85d201a0e4424225:0x9732c2007d9f3eb5!8m2!3d19.3609024!4d-99.2696896!16s%2Fg%2F11gn2264zj!19sChIJJUJC5KAB0oURtT6ffQDCMpc?authuser=0&hl=es-419&rclk=1","PENDING"
"Médica AL Santa Fe","Ciudad de México","Corporativo Diamante, Corporativo Diamante Santa Fe, Santa Fe, Contadero, Cuajimalpa de Morelos, 05348 Ciudad de México, CDMX, México","525549033440","525549033440","https://medica-al.com/","https://www.google.com/maps/place/M%C3%A9dica+AL+Santa+Fe/data=!4m7!3m6!1s0x85d1ff41e5d0c101:0xa216379a9413af54!8m2!3d19.3614222!4d-99.2782432!16s%2Fg%2F11ckkxm862!19sChIJAcHQ5UH_0YURVK8TlJo3FqI?authuser=0&hl=es-419&rclk=1","PENDING"
"Instituto de Cirugía Plástica y Médical Spa","Ciudad de México","Guillermo González Camarena 1205 Local B13 PB, Santa Fe, Álvaro Obregón, 01210 Ciudad de México, CDMX, México","525552477853","525552477853","http://institutodecirugiaplastica.mx/","https://www.google.com/maps/place/Instituto+de+Cirug%C3%ADa+Pl%C3%A1stica+y+M%C3%A9dical+Spa/data=!4m7!3m6!1s0x85d200317658544d:0x946fef3d0dc6fd52!8m2!3d19.3656886!4d-99.2642164!16s%2Fg%2F1tfp_5j8!19sChIJTVRYdjEA0oURUv3GDT3vb5Q?authuser=0&hl=es-419&rclk=1","PENDING"
"Body Sanctuary - Santa Fe","Ciudad de México","Entrada por la calle, Juan Salvador Agraz 40-Piso 6, Oficina 607, Santa Fe, Contadero, Cuajimalpa de Morelos, 05348 Ciudad de México, CDMX, México","525525910403","525525910403","","https://www.google.com/maps/place/Body+Sanctuary+-+Santa+Fe/data=!4m7!3m6!1s0x85d200cb25603325:0x44e2f31166d00037!8m2!3d19.3600377!4d-99.2785859!16s%2Fg%2F1thxwkrh!19sChIJJTNgJcsA0oURNwDQZhHz4kQ?authuser=0&hl=es-419&rclk=1","PENDING"
"FACEUP CLINICS","Ciudad de México","Av. Santa Fe 546-Local 1 A, Santa Fe, Cuajimalpa, Cuajimalpa de Morelos, 05348 Ciudad de México, CDMX, México","525517760040","525517760040","https://faceupclinics.com/","https://www.google.com/maps/place/FACEUP+CLINICS/data=!4m7!3m6!1s0x85d201b90ca9d1e9:0xaa452dd4e7892a40!8m2!3d19.3568031!4d-99.2742706!16s%2Fg%2F11x1_nqy1j!19sChIJ6dGpDLkB0oURQCqJ59QtRao?authuser=0&hl=es-419&rclk=1","PENDING"
"Dra. Jessica Vázquez - Medicina Estética","Ciudad de México","Carr. México - Toluca 5095, La Rosita, El Yaqui, Cuajimalpa de Morelos, 05320 Ciudad de México, CDMX, México","525587767490","525587767490","https://drajessicavazquez.com/","https://www.google.com/maps/place/Dra.+Jessica+V%C3%A1zquez+-+Medicina+Est%C3%A9tica/data=!4m7!3m6!1s0x85d1f9d875f61d73:0xab94ffa28e914844!8m2!3d19.3667161!4d-99.2716504!16s%2Fg%2F11tp4k_jgg!19sChIJcx32ddj50YURREiRjqL_lKs?authuser=0&hl=es-419&rclk=1","PENDING"
"Estética","Ciudad de México","Nivel Terraza, Av. Santa Fe 481, Lomas de Santa Fe, Contadero, Cuajimalpa de Morelos, 01219 Ciudad de México, CDMX, México","525552458839","525552458839","","https://www.google.com/maps/place/Est%C3%A9tica/data=!4m7!3m6!1s0x85d20129a8bffd4f:0xc6971a3b633f5343!8m2!3d19.3597536!4d-99.2711852!16s%2Fg%2F11ghfmw8dk!19sChIJT_2_qCkB0oURQ1M_Yzsal8Y?authuser=0&hl=es-419&rclk=1","PENDING"
"BGH, Clínica de Medicina Estética","Ciudad de México","Monte Athos 155-2C, Lomas - Virreyes, Lomas de Chapultepec, Miguel Hidalgo, 11000 Ciudad de México, CDMX, México","525566500001","525566500001","http://www.bghmed.com.mx/","https://www.google.com/maps/place/BGH,+Cl%C3%ADnica+de+Medicina+Est%C3%A9tica/data=!4m7!3m6!1s0x85d201f5e9fbe03f:0xd89d0ff20b1fb5a1!8m2!3d19.4209259!4d-99.2104018!16s%2Fg%2F11cncxyr9w!19sChIJP-D76fUB0oURobUfC_IPndg?authuser=0&hl=es-419&rclk=1","PENDING"
"Alta Especialidad Medica","Ciudad de México","Av. Paseo de las Palmas 755, Lomas de Chapultepec, Miguel Hidalgo, 11000 Ciudad de México, CDMX, México","525511974411","525511974411","https://altaespecialidadmedica.com/","https://www.google.com/maps/place/Alta+Especialidad+Medica/data=!4m7!3m6!1s0x85d20300413f1bef:0xc0b0fb1faf4daf52!8m2!3d19.4294995!4d-99.2157439!16s%2Fg%2F11mdvyf273!19sChIJ7xs_QQAD0oURUq9Nrx_7sMA?authuser=0&hl=es-419&rclk=1","PENDING"
"Dra. Stephanie Angeles - Medicina Estética y Antienvejecimiento","Ciudad de México","11000, Lomas de Chapultepec IV Sección CDMX MX, Lomas de Chapultepec, Miguel Hidalgo, 11000 Ciudad de México, CDMX, México","525565230463","525565230463","https://drastephangeles.com/?utm_source=gmb&utm_medium=listing&utm_campaign=gmb_traffic&utm_term=cdmx","https://www.google.com/maps/place/Dra.+Stephanie+Angeles+-+Medicina+Est%C3%A9tica+y+Antienvejecimiento/data=!4m7!3m6!1s0x85d201c8d82c3781:0x4e500ae273be829b!8m2!3d19.4223337!4d-99.2059006!16s%2Fg%2F11vf7f8x7j!19sChIJgTcs2MgB0oURm4K-c-IKUE4?authuser=0&hl=es-419&rclk=1","PENDING"
"U BEAUTY SITE","Ciudad de México","Av. P.º de la Reforma 412, Lomas - Virreyes, Lomas de Chapultepec, Miguel Hidalgo, 11910 Ciudad de México, CDMX, México","525544597427","525544597427","","https://www.google.com/maps/place/U+BEAUTY+SITE/data=!4m7!3m6!1s0x85d201c0e69ce59f:0x93d0d21c28754f5a!8m2!3d19.4251739!4d-99.2075349!16s%2Fg%2F11sg3c_dr6!19sChIJn-Wc5sAB0oURWk91KBzS0JM?authuser=0&hl=es-419&rclk=1","PENDING"
"Dra. Aimeé Castrillón | Medicina Estética en CDMX","Ciudad de México","Avenida Prado Norte 235-Int 10, Lomas - Virreyes, Lomas de Chapultepec III Secc, Miguel Hidalgo, 11000 Ciudad de México, CDMX, México","525544429394","525544429394","https://www.aimeecastrillon.com/","https://www.google.com/maps/place/Dra.+Aime%C3%A9+Castrill%C3%B3n+%7C+Medicina+Est%C3%A9tica+en+CDMX/data=!4m7!3m6!1s0x85d201103566efb9:0x77ec41f03a87536c!8m2!3d19.4282486!4d-99.2071693!16s%2Fg%2F11xn6d6fgc!19sChIJue9mNRAB0oURbFOHOvBB7Hc?authuser=0&hl=es-419&rclk=1","PENDING"
"Skin Institute Clínica Dermatológica","Ciudad de México","Sierra Mojada 405, Lomas de Chapultepec, Miguel Hidalgo, 11000 Ciudad de México, CDMX, México","525523210995","525523210995","https://skininstitute.com.mx/","https://www.google.com/maps/place/Skin+Institute+Cl%C3%ADnica+Dermatol%C3%B3gica/data=!4m7!3m6!1s0x85d20395627c2715:0xabfd3a1ba99e4871!8m2!3d19.4310828!4d-99.2123161!16s%2Fg%2F11v0v7wznw!19sChIJFSd8YpUD0oURcUieqRs6_as?authuser=0&hl=es-419&rclk=1","PENDING"
"Francisco Iglesias Salón & SPA Lomas","Ciudad de México","Monte Athos 189-C, Lomas - Virreyes, Lomas de Chapultepec IV Secc, Miguel Hidalgo, 11000 Ciudad de México, CDMX, México","525566509411","525566509411","https://www.franciscoiglesias.com.mx/","https://www.google.com/maps/place/Francisco+Iglesias+Sal%C3%B3n+%26+SPA+Lomas/data=!4m7!3m6!1s0x85d2021d3eff6e4f:0x1e6deaad132a504f!8m2!3d19.4206382!4d-99.2110616!16s%2Fg%2F11b7yn9x6n!19sChIJT27_Ph0C0oURT1AqE63qbR4?authuser=0&hl=es-419&rclk=1","PENDING"
"Silvia Galván Image Studio, Lomas","Ciudad de México","Monte Everest 625-Planta Alta, Lomas de Chapultepec, Miguel Hidalgo, 11000 Ciudad de México, CDMX, México","525547370133","525547370133","https://silviagalvan.com/","https://www.google.com/maps/place/Silvia+Galv%C3%A1n+Image+Studio,+Lomas/data=!4m7!3m6!1s0x85d201f30362c743:0xc1eda033232ecb36!8m2!3d19.4193827!4d-99.2154008!16s%2Fg%2F1tgkhmv_!19sChIJQ8diA_MB0oURNssuIzOg7cE?authuser=0&hl=es-419&rclk=1","PENDING"
"Barbería y Cuidado Personal MR. Yellow","Ciudad de México","Av Toluca 1151, San José del Olivar, Olivar de los Padres, Álvaro Obregón, 01780 Ciudad de México, CDMX, México","525558012459","525558012459","https://www.mrbarbershop.mx/","https://www.google.com/maps/place/Barber%C3%ADa+y+Cuidado+Personal+MR.+Yellow/data=!4m7!3m6!1s0x85d201b204aa459d:0x81f11bc56a4763f9!8m2!3d19.337742!4d-99.239616!16s%2Fg%2F11h3qp1ktd!19sChIJnUWqBLIB0oUR-WNHasUb8YE?authuser=0&hl=es-419&rclk=1","PENDING"
"Clinique D'Ozono","Ciudad de México","Jojutla 53-A, Colonia Condesa, Cuauhtémoc, 06140 Ciudad de México, CDMX, México","525563051810","525563051810","http://cliniquedozono.com.mx/","https://www.google.com/maps/place/Clinique+D%27Ozono/data=!4m7!3m6!1s0x85d1ff438576c74b:0x5feb4fb40171bc35!8m2!3d19.413013!4d-99.175496!16s%2Fg%2F11ddxhqfm0!19sChIJS8d2hUP_0YURNbxxAbRP618?authuser=0&hl=es-419&rclk=1","PENDING"
"Illa Spa Narvarte","Ciudad de México","C. Pitágoras 405, Narvarte Poniente, Benito Juárez, 03020 Ciudad de México, CDMX, México","525615140462","525615140462","","https://www.google.com/maps/place/Illa+Spa+Narvarte/data=!4m7!3m6!1s0x85d1ff636aa546d1:0x6a2988ee1be762b0!8m2!3d19.3955903!4d-99.1576843!16s%2Fg%2F11n3_hzyx_!19sChIJ0UalamP_0YURsGLnG-6IKWo?authuser=0&hl=es-419&rclk=1","PENDING"
".","Ciudad de México","Monterrey 405, Colonia del Valle, Benito Juárez, 03100 Ciudad de México, CDMX, México","525559064707","525559064707","","https://www.google.com/maps/place/data=!4m7!3m6!1s0x85d1ffb72cc1963b:0xa02dbba69f5cbf94!8m2!3d19.4022008!4d-99.1602533!16s%2Fg%2F11xmxwdbsm!19sChIJO5bBLLf_0YURlL9cn6a7LaA?authuser=0&hl=es-419&rclk=1","PENDING"
"Madala Clinique & SPA","Ciudad de México","Eje 5 Sur Avenida Eugenia 1456, Narvarte Poniente, Benito Juárez, 03020 CDMX, México","525561066492","525561066492","https://spamadala.com/","https://www.google.com/maps/place/Madala+Clinique+%26+SPA/data=!4m7!3m6!1s0x85d1ff7b5bf5937d:0xa5cbc2f319c0e3e7!8m2!3d19.3849336!4d-99.1550263!16s%2Fg%2F11q313v6p9!19sChIJfZP1W3v_0YUR5-PAGfPCy6U?authuser=0&hl=es-419&rclk=1","PENDING"
"Medicina estética dermapro wellness","Ciudad de México","Av. Cuauhtémoc 1233-consultorio 308, Sta Cruz Atoyac, Benito Juárez, 03310 Ciudad de México, CDMX, México","525539310857","525539310857","https://www.facebook.com/share/1DPH3oRAoS/","https://www.google.com/maps/place/Medicina+est%C3%A9tica+dermapro+wellness/data=!4m7!3m6!1s0x85d1ff001462b759:0x7455178722b0fa47!8m2!3d19.3734283!4d-99.1607971!16s%2Fg%2F11y_r5zk8c!19sChIJWbdiFAD_0YURR_qwIocXVXQ?authuser=0&hl=es-419&rclk=1","PENDING"
"Starbody Narvarte","Ciudad de México","Heriberto Frías 408, Narvarte Poniente, Benito Juárez, 03020 Ciudad de México, CDMX, México","525652532528","525652532528","https://starbody.mx/","https://www.google.com/maps/place/Starbody+Narvarte/data=!4m7!3m6!1s0x85d1ffcccc6630ed:0x2c3e5bb8e737a54c!8m2!3d19.3957568!4d-99.1594883!16s%2Fg%2F11z6rd4j6_!19sChIJ7TBmzMz_0YURTKU357hbPiw?authuser=0&hl=es-419&rclk=1","PENDING"
"Flor da Pele Skin Center & Spa","Ciudad de México","Blvd. Palmas Hills 1-L1 piso 6 G-104, Interlomas, Valle de las Palmas, 52780 Naucalpan de Juárez, Méx., México","525518576087","525518576087","https://spaflordapele.com.mx/","https://www.google.com/maps/place/Flor+da+Pele+Skin+Center+%26+Spa/data=!4m7!3m6!1s0x85d201879d393f55:0x3249e18d57ab7254!8m2!3d19.3933965!4d-99.2817851!16s%2Fg%2F11j393frz6!19sChIJVT85nYcB0oURVHKrV43hSTI?authuser=0&hl=es-419&rclk=1","PENDING"
"delifemme Salón & Spa","Ciudad de México","Av. Jesus del Monte #2, Blvd. Paseo Interlomas Col, Hacienda de las Palmas, 52763 Ciudad de México, Méx., México","525552474924","525552474924","http://www.delifemme.com.mx/","https://www.google.com/maps/place/delifemme+Sal%C3%B3n+%26+Spa/data=!4m7!3m6!1s0x85d206dacd785fb1:0xaf6a27ba0edff095!8m2!3d19.3899023!4d-99.2917125!16s%2Fg%2F11b6xcb62d!19sChIJsV94zdoG0oURlfDfDronaq8?authuser=0&hl=es-419&rclk=1","PENDING"
"Ely berry studio","Ciudad de México","Espacio Interlomas, Av. Jesús del Monte 37, Jesus del Monte, 52764 Jesús del Monte, Méx., México","525591315225","525591315225","https://www.instagram.com/elyberrystudio/","https://www.google.com/maps/place/Ely+berry+studio/data=!4m7!3m6!1s0x85d207eb499ce1fb:0xf29e2d561386918e!8m2!3d19.3952547!4d-99.2891437!16s%2Fg%2F11jzxtkwk5!19sChIJ--GcSesH0oURjpGGE1YtnvI?authuser=0&hl=es-419&rclk=1","PENDING"
"Body Beauty Center","Ciudad de México","CENTRO COMERCIAL INTERLOMAS, ROOF GARDEN, SAN FERNANDO LA HERRADURA, 52767 INTERLOMAS, Méx., México","525552778576","525552778576","https://www.bbcmex.com/","https://www.google.com/maps/place/Body+Beauty+Center/data=!4m7!3m6!1s0x85d2013634a35289:0x55358e94753de4d4!8m2!3d19.4023736!4d-99.2701728!16s%2Fg%2F11b66dqcx5!19sChIJiVKjNDYB0oUR1OQ9dZSONVU?authuser=0&hl=es-419&rclk=1","PENDING"
"Divine Your Perfect - Interlomas","Ciudad de México","Vía Magna 39 Bosque de las Palmas, Naucalpan de Juárez CP 52787 Naucalpan de Juárez, 52786 Ciudad de México, Méx, 01000 Interlomas, CDMX, México","525634038084","525634038084","https://divinemx.com/","https://www.google.com/maps/place/Divine+Your+Perfect+-+Interlomas/data=!4m7!3m6!1s0x85d207469bcc4821:0x3ac2156f38635f5e!8m2!3d19.4018845!4d-99.2757504!16s%2Fg%2F11wwsn0568!19sChIJIUjMm0YH0oURXl9jOG8Vwjo?authuser=0&hl=es-419&rclk=1","PENDING"
"Kopay Interlomas","Ciudad de México","Blvd. Palmas Hills Manzana 002, Valle de las Palmas, 52787 Naucalpan de Juárez, Méx., México","525552060481","525552060481","http://www.kopay.com.mx/","https://www.google.com/maps/place/Kopay+Interlomas/data=!4m7!3m6!1s0x85d2072b25ab9d4f:0x117562b3dc7ea1b3!8m2!3d19.3932622!4d-99.2814915!16s%2Fg%2F11fp33q97k!19sChIJT52rJSsH0oURs6F-3LNidRE?authuser=0&hl=es-419&rclk=1","PENDING"
"Derma & Zen","Ciudad de México","Blvd. Magnocentro 26-L 105, La Herradura, 52760 Naucalpan de Juárez, Méx., México","525552916921","525552916921","https://derma-zen.com/","https://www.google.com/maps/place/Derma+%26+Zen/data=!4m7!3m6!1s0x85d201d8898b49c9:0x7b622ce70ada9773!8m2!3d19.4070064!4d-99.2720358!16s%2Fg%2F11rtcbnxz0!19sChIJyUmLidgB0oURc5faCucsYns?authuser=0&hl=es-419&rclk=1","PENDING"
